,School_Name,City,State,PREDDEG,LOCALE,Admission_Rate,ACT_Reading_Scores_75th_Percentile,ACT_Math_Scores_75th_Percentile,Undergraduate_Enrollment,In-State_Tuition,Out-Of-State_Tuition,C150_4,RET_FT4,Completion_Rate_100%_Expected_Time,ICLEVEL,BOOKSUPPLY,ROOMBOARD_ON,OTHEREXPENSE_ON,ROOMBOARD_OFF,OTHEREXPENSE_OFF,Mean_Earnings_10_Years_Post_Grad,Student_Faculty_Ratio,Median_Woman_Earnings_Post_Grad,Median_Male_Earnings_Post_Grad,Percentage_Federal_Loans_Paid_After_4Years,Average_Faculty_Salary,PRGMOFR,MD_FAMINC,Median_Household_Income,Percent_Undergrads_Received_Federal_Loans,Instructional_Expenditures_Per_Full_Time_Student,Net_Tuition_Revenue_Per_Full_Time_Student,RET_FT4_POOLED
54,University of Alaska Anchorage,Anchorage,AK,3,11.0,0.6905,651.0,645.0,7284.0,8622.0,25228.0,0.3047,0.6869,0.1516,1,1320.0,12662.0,8276.0,9868.0,9763.0,51200,12.0,45312.0,56895.0,0.15,9370.0,,33525,72116.59,0.1708,13122.0,8106.0,0.684
55,Alaska Bible College,Palmer,AK,3,32.0,,651.0,645.0,37.0,10900.0,10900.0,0.5,1.0,0.0,1,400.0,6000.0,3556.0,10168.0,4846.0,,5.0,,,,,,42490,,0.175,5290.0,9080.0,0.7059
56,University of Alaska Fairbanks,Fairbanks,AK,3,23.0,0.6469,680.0,680.0,4108.0,7248.0,21384.0,0.3845,0.6793,0.2634,1,2000.0,10540.0,2650.0,12050.0,4250.0,45100,12.0,41851.0,55256.0,0.15,9570.0,,35967,65084.81,0.1844,19104.0,9274.0,0.729
58,Alaska Pacific University,Anchorage,AK,3,11.0,0.9603,651.0,645.0,347.0,20760.0,20760.0,0.2222,0.6842,0.1667,1,1200.0,8300.0,4410.0,17500.0,4410.0,45300,8.0,47566.0,48737.0,0.1,6497.0,,38810,70542.98,0.4519,13548.0,12185.0,0.5938
69,Arizona State University Campus Immersion,Tempe,AZ,3,12.0,0.8819,651.0,645.0,64216.0,11348.0,29438.0,0.6602,0.86,0.5183,1,1300.0,13696.0,3430.0,9974.0,4412.0,55500,18.0,53185.0,68098.0,0.17,11668.0,,35851.5,69074.33,0.3051,13199.0,18530.0,0.8611
71,University of Arizona,Tucson,AZ,3,11.0,0.8727,680.0,690.0,36560.0,12736.0,37258.0,0.6434,0.8403,0.4979,1,900.0,13450.0,3600.0,10900.0,5600.0,56000,17.0,52823.0,69611.0,0.18,11400.0,,43043,64708.31,0.2882,12902.0,14180.0,0.8479
78,Embry-Riddle Aeronautical University-Prescott,Prescott,AZ,3,41.0,0.7376,660.0,690.0,3015.0,38966.0,38966.0,0.699,0.7754,0.3979,1,1400.0,12736.0,4934.0,12736.0,4934.0,70300,17.0,73751.0,83733.0,0.18,9290.0,,38662,66671.2,0.381,14446.0,30059.0,0.7988
81,Grand Canyon University,Phoenix,AZ,3,11.0,0.8284,651.0,645.0,64210.0,17800.0,17800.0,0.4474,0.7059,0.374,1,800.0,7800.0,5700.0,7800.0,5700.0,58500,20.0,36135.0,47155.0,0.1,6956.0,,29879,62877.37,0.5497,2364.0,11504.0,0.7196
87,Northern Arizona University,Flagstaff,AZ,3,13.0,0.7835,651.0,645.0,23772.0,11896.0,26642.0,0.59,0.7446,0.4514,1,900.0,11338.0,4720.0,10914.0,4720.0,44600,21.0,46837.0,57390.0,0.15,8903.0,,41212,59985.62,0.3447,6139.0,7464.0,0.7538
89,Ottawa University-Phoenix,Phoenix,AZ,3,11.0,,651.0,645.0,348.0,,,,,,1,,7800.0,5700.0,10817.5,5612.5,48100,9.0,46387.0,56018.0,0.08,6026.0,,37231.5,65346.8,0.6187,1962.0,9998.0,
94,Prescott College,Prescott,AZ,3,13.0,0.9932,651.0,645.0,383.0,34701.0,34701.0,0.4,0.75,0.3429,1,1018.0,9520.0,1923.0,8162.0,1923.0,34300,9.0,38620.0,35825.0,0.15,5070.0,,26676,62739.99,0.5355,6227.0,13202.0,0.6699
100,Arizona Christian University,Glendale,AZ,3,21.0,0.7594,590.0,580.0,1012.0,30624.0,30624.0,0.3583,0.4804,0.3,1,1600.0,12000.0,5200.0,11000.0,6200.0,34900,18.0,31094.0,54678.0,0.15,5291.0,,36206.5,65520.64,0.7514,4486.0,13178.0,0.474
163,Academy of Art University,San Francisco,CA,3,11.0,,651.0,645.0,5294.0,25424.0,25424.0,0.3802,0.6899,0.0748,1,1126.0,19486.0,3186.0,17254.0,4968.0,47300,14.0,36505.0,43654.0,0.07,9482.0,,22550.5,74015.06,0.4938,14347.0,32083.0,0.6987
175,Art Center College of Design,Pasadena,CA,3,12.0,0.7556,651.0,645.0,2026.0,48044.0,48044.0,0.7586,0.8504,0.3046,1,4000.0,14498.5,3342.06,13530.0,6492.0,62300,8.0,67619.0,73830.0,0.21,7942.0,,30283,74131.88,0.4686,21979.0,33207.0,0.8134
178,Azusa Pacific University,Azusa,CA,3,21.0,0.941,628.0,638.0,3937.0,41510.0,41510.0,0.7151,0.7928,0.5328,1,1126.0,9820.0,3142.0,17254.0,4862.0,55900,10.0,58110.0,67249.0,0.16,8957.0,,44669,73950.46,0.4772,10122.0,19762.0,0.7762
182,Bethesda University,Anaheim,CA,3,11.0,,651.0,645.0,264.0,6560.0,6560.0,0.1525,0.4706,0.1356,1,400.0,14498.5,3342.06,10539.0,6867.0,PrivacySuppressed,10.0,,,,2482.0,,10349,73410.31,0.2035,1027.0,6000.0,0.4783
183,Biola University,La Mirada,CA,3,21.0,0.6077,688.0,660.0,3592.0,44382.0,44382.0,0.6994,0.878,0.5503,1,1200.0,10202.0,3716.0,10202.0,3716.0,50700,13.0,47448.0,62385.0,0.24,9807.0,,60489,75484.4,0.4786,10650.0,19084.0,0.8239
187,California Institute of Integral Studies,San Francisco,CA,3,11.0,,651.0,645.0,84.0,,,,,,1,,16982.17,3909.83,16905.2,4748.6,PrivacySuppressed,12.0,,38849.0,0.1,8677.0,,18380,76698.12,0.7959,11461.0,26503.0,
189,California Baptist University,Riverside,CA,3,11.0,0.6373,651.0,645.0,8234.0,37018.0,37018.0,0.5674,0.7866,0.373,1,1126.0,10710.0,3060.0,17254.0,4842.0,47500,19.0,51359.0,63538.0,0.15,10151.0,,42597,66849.57,0.6467,9490.0,18785.0,0.775
190,California College of the Arts,San Francisco,CA,3,11.0,0.7763,651.0,645.0,1239.0,52312.0,52312.0,0.6542,0.822,0.4375,1,1500.0,19117.0,3450.0,15662.0,4160.0,48000,8.0,41402.0,55677.0,0.19,8739.0,,38844.5,73343.27,0.2728,18910.0,30947.0,0.7562
192,California Institute of Technology,Pasadena,CA,3,12.0,0.0392,651.0,645.0,987.0,58680.0,58680.0,0.9292,0.9911,0.8625,1,1428.0,17748.0,2091.0,17253.0,4761.0,106300,3.0,85002.0,109257.0,0.6,20924.0,,44848,81448.64,0.0388,112738.0,13812.0,0.9631
193,California Lutheran University,Thousand Oaks,CA,3,12.0,0.8194,640.0,650.0,2588.0,46012.0,46012.0,0.7378,0.8327,0.6807,1,1125.0,14970.0,3079.0,17253.0,4861.0,60200,14.0,60821.0,71851.0,0.23,10375.0,,56619,81648.78,0.5342,9346.0,19924.0,0.808
194,California Polytechnic State University-San Luis Obispo,San Luis Obispo,CA,3,23.0,0.33,651.0,645.0,21090.0,10195.0,28105.0,0.8539,0.9463,0.5704,1,909.0,16332.0,2244.0,16332.0,2244.0,74300,21.0,72806.0,96477.0,0.4,10582.0,,74513,74683.78,0.2275,9301.0,10447.0,0.9444
196,California State University-Bakersfield,Bakersfield,CA,3,11.0,0.8521,651.0,645.0,8870.0,7579.0,19459.0,0.4756,0.7513,0.1741,1,1266.0,12900.0,3132.0,15464.0,4474.0,50100,21.0,53326.0,60296.0,0.15,9468.0,,27270.5,53982.7,0.241,6385.0,4010.0,0.7906
197,California State University-Stanislaus,Turlock,CA,3,23.0,0.9476,651.0,645.0,9161.0,7644.0,19524.0,0.5762,0.7933,0.1893,1,1225.0,11576.0,3133.0,15465.0,3826.0,48500,20.0,54764.0,64803.0,0.16,9639.0,,28214,56979.76,0.2198,7506.0,4091.0,0.8342
198,California State University-San Bernardino,San Bernardino,CA,3,12.0,0.9097,651.0,645.0,16595.0,7213.0,19093.0,0.5696,0.7804,0.1872,1,1145.0,12822.0,3634.0,16011.0,4040.0,48800,25.0,51349.0,61745.0,0.14,9973.0,,25849,59070.9,0.2053,7385.0,3229.0,0.8182
199,California State Polytechnic University-Pomona,Pomona,CA,3,21.0,0.6062,651.0,645.0,26802.0,7439.0,19319.0,0.7018,0.8768,0.2843,1,1045.0,16570.0,3133.0,13643.0,3708.0,58000,28.0,56915.0,76518.0,0.22,10556.0,,29032,68064.96,0.2349,6307.0,4224.0,0.8738
200,California State University-Chico,Chico,CA,3,12.0,0.8547,651.0,645.0,14343.0,7864.0,19744.0,0.6537,0.8088,0.3306,1,1184.0,14838.0,2236.0,12208.0,2728.0,55400,22.0,55893.0,69927.0,0.2,9593.0,,30780,61867.44,0.3438,7114.0,4926.0,0.8227
201,California State University-Dominguez Hills,Carson,CA,3,13.0,0.8959,651.0,645.0,15214.0,7060.0,18940.0,0.5253,0.7032,0.158,1,1100.0,15120.0,2662.0,19652.0,4238.0,48500,25.0,47379.0,56487.0,0.12,9821.0,,20044,54533,0.201,6371.0,3824.0,0.7448
202,California State University-Fresno,Fresno,CA,3,11.0,0.9728,651.0,645.0,21826.0,6653.0,18533.0,0.5657,0.7691,0.1784,1,1125.0,10758.0,3792.0,16003.0,4304.0,48500,22.0,52047.0,61563.0,0.16,9546.0,,27059,53295.09,0.1749,6769.0,3385.0,0.8171
203,California State University-Fullerton,Fullerton,CA,3,21.0,0.5943,651.0,645.0,35502.0,6976.0,18856.0,0.7147,0.8681,0.2897,1,1203.0,16703.0,3133.0,17100.0,5003.0,51800,25.0,55014.0,64051.0,0.21,10353.0,,28124,73036.4,0.1913,6668.0,5270.0,0.8783
204,California State University-East Bay,Hayward,CA,3,21.0,0.8236,651.0,645.0,12047.0,6995.0,18875.0,0.4844,0.8049,0.1214,1,1034.0,14373.0,4258.0,16235.0,5114.0,58200,24.0,63204.0,65982.0,0.17,10355.0,,24527,78750.43,0.2727,5996.0,5652.0,0.7908
205,California State University-Long Beach,Long Beach,CA,3,11.0,0.4685,651.0,645.0,33765.0,6846.0,18726.0,0.7547,0.8729,0.3424,1,1070.0,13938.0,3134.0,13358.0,3638.0,53000,23.0,58408.0,65972.0,0.21,10297.0,,26465,66954.9,0.2307,7483.0,4712.0,0.8812
206,California State University-Los Angeles,Los Angeles,CA,3,11.0,0.9054,651.0,645.0,23506.0,6785.0,18665.0,0.519,0.7309,0.1098,1,1226.0,16860.0,3133.0,18602.0,6006.0,49900,25.0,51461.0,59651.0,0.15,10102.0,,22032,52850.08,0.1767,6631.0,3335.0,0.7741
207,California State University-Northridge,Northridge,CA,3,11.0,0.881,651.0,645.0,34436.0,7043.0,18923.0,0.542,0.8185,0.1655,1,1486.0,11502.0,3132.0,18962.0,4366.0,49700,26.0,53426.0,60910.0,0.16,10127.0,,22839,64055.44,0.2136,6440.0,4251.0,0.8274
208,California State University-Sacramento,Sacramento,CA,3,11.0,0.9368,651.0,645.0,29370.0,7392.0,19272.0,0.5746,0.8091,0.2031,1,1110.0,15944.0,3640.0,19096.0,3890.0,54200,25.0,57557.0,68517.0,0.18,9713.0,,27217,65686.13,0.2381,7169.0,5330.0,0.826
209,University of California-Berkeley,Berkeley,CA,3,12.0,0.1444,651.0,645.0,31811.0,14226.0,43980.0,0.9281,0.9615,0.7897,1,1118.0,20236.0,5893.0,16377.0,6199.0,79000,20.0,80202.0,98670.0,0.37,18770.0,,31227,77601.85,0.1481,21463.0,21095.0,0.9614
210,University of California-Davis,Davis,CA,3,23.0,0.4875,651.0,645.0,31637.0,14645.0,44399.0,0.8694,0.9105,0.6194,1,1197.0,17018.0,4743.0,11551.0,5191.0,68100,21.0,68668.0,82612.0,0.34,15968.0,,33783.5,76621.08,0.2368,25671.0,18166.0,0.9202
211,University of California-Irvine,Irvine,CA,3,11.0,0.2882,651.0,645.0,29438.0,13775.0,43529.0,0.8367,0.9347,0.6831,1,1319.0,16869.0,4339.0,14681.0,5258.0,65800,18.0,71686.0,83854.0,0.31,16688.0,,34735,78085.65,0.2004,25085.0,15318.0,0.9395
212,University of California-Los Angeles,Los Angeles,CA,3,11.0,0.1077,651.0,645.0,32122.0,13258.0,43012.0,0.9213,0.9693,0.826,1,1405.0,16763.0,4871.0,15950.0,5560.0,73200,18.0,74996.0,87902.0,0.32,19498.0,,32613.5,72896.84,0.1224,60528.0,18698.0,0.963
213,University of California-Riverside,Riverside,CA,3,11.0,0.6538,651.0,645.0,22817.0,13754.0,43508.0,0.7645,0.8817,0.6131,1,1536.0,16864.0,4306.0,12010.0,5012.0,55300,24.0,60523.0,67802.0,0.24,14807.0,,35809,68292.12,0.3373,14457.0,12175.0,0.8955
214,University of California-San Diego,La Jolla,CA,3,11.0,0.342,651.0,645.0,33339.0,14700.0,44454.0,0.8935,0.95,0.7302,1,1152.0,16145.0,4163.0,14383.0,4881.0,69600,19.0,75009.0,90831.0,0.36,16913.0,,35914,76397.62,0.246,22086.0,18651.0,0.946
216,University of California-Santa Barbara,Santa Barbara,CA,3,22.0,0.2918,651.0,645.0,23081.0,14417.0,44171.0,0.8538,0.9119,0.699,1,1317.0,16699.0,5287.0,13803.0,5837.0,62400,17.0,67647.0,75783.0,0.28,17654.0,,36166,73046.19,0.168,14453.0,16684.0,0.9101
217,University of California-Santa Cruz,Santa Cruz,CA,3,13.0,0.5864,651.0,645.0,17864.0,14070.0,43824.0,0.7809,0.8886,0.6039,1,1180.0,17429.0,5179.0,15135.0,5722.0,53800,24.0,62508.0,66286.0,0.26,15513.0,,42014.5,78075.09,0.234,11970.0,12748.0,0.8701
218,Sofia University,Palo Alto,CA,3,13.0,,651.0,645.0,8.0,,,,,,1,,14498.5,3342.06,15000.97,4615.17,,11.0,,,,2627.0,,PrivacySuppressed,,0.2,1973.0,6312.0,
220,California Christian College,Fresno,CA,3,11.0,1.0,651.0,645.0,14.0,10290.0,10290.0,0.0,0.0,,1,700.0,14498.5,3342.06,8783.0,5723.0,PrivacySuppressed,2.0,,,,,,11240,53248.94,0.0,7526.0,16108.0,0.1667
221,Haven University,Garden Grove,CA,3,21.0,,651.0,645.0,22.0,6860.0,6860.0,1.0,0.5,0.0,1,900.0,14498.5,3342.06,12000.0,600.0,,12.0,,,,1317.0,,,,0.0,7820.0,6542.0,0.5
223,California Institute of the Arts,Valencia,CA,3,21.0,0.2898,651.0,645.0,959.0,53466.0,53466.0,0.7193,0.9351,0.614,1,2500.0,12135.0,7826.0,16000.0,7826.0,50600,7.0,37140.0,55031.0,0.15,9555.0,,55256,74875.2,0.3885,29707.0,31921.0,0.7384
224,California State University Maritime Academy,Vallejo,CA,3,12.0,0.8209,651.0,645.0,880.0,7116.0,18996.0,0.6818,0.7796,0.5864,1,1032.0,11942.0,7218.0,14956.0,8618.0,87800,12.0,71884.0,94981.0,0.3,10310.0,,64087,78248.99,0.4168,20532.0,7206.0,0.7739
240,Chapman University,Orange,CA,3,12.0,0.6037,700.0,710.0,7469.0,58634.0,58634.0,0.799,0.9194,0.7163,1,1600.0,16542.0,3320.0,12978.0,4570.0,56600,12.0,61946.0,72507.0,0.29,12582.0,,79694,73437.32,0.4365,17712.0,33899.0,0.8833
242,Concordia University-Irvine,Irvine,CA,3,11.0,0.8138,640.0,620.0,1580.0,38740.0,38740.0,0.6796,0.7645,0.6048,1,1100.0,12560.0,3100.0,16500.0,4900.0,50800,15.0,55697.0,67801.0,0.21,7385.0,,50504,79890.85,0.6045,8024.0,15643.0,0.7193
243,San Diego Christian College,Spring Valley,CA,3,21.0,0.527,651.0,645.0,438.0,34310.0,34310.0,0.473,0.6,0.3611,1,1126.0,12970.0,4276.0,17254.0,4762.0,42500,12.0,45416.0,56005.0,0.11,6874.0,,31569,66943.92,0.5139,7327.0,19047.0,0.5958
249,Claremont McKenna College,Claremont,CA,3,21.0,0.1124,750.0,780.0,1414.0,58111.0,58111.0,0.9271,0.984,0.7988,1,1200.0,17906.0,1500.0,17906.0,2130.0,93200,8.0,89055.0,99737.0,0.2,14789.0,,71150,82855.72,0.1656,30917.0,34221.0,0.9261
253,University of Silicon Valley,San Jose,CA,3,11.0,0.5065,651.0,645.0,420.0,21784.0,21784.0,0.4393,0.6316,0.1682,1,1000.0,17742.0,2648.0,15336.0,4232.0,60400,12.0,,,0.15,7739.0,,35952,90231.08,0.6537,4914.0,24099.0,0.6316
257,Columbia College Hollywood,Tarzana,CA,3,11.0,,651.0,645.0,493.0,26175.0,26175.0,0.4583,0.5932,0.4026,1,1080.0,14498.5,3342.06,16578.0,4635.0,39500,14.0,52462.0,35141.0,0.07,6369.0,,46576,66257.22,0.6974,3814.0,12774.0,0.5441
269,Design Institute of San Diego,San Diego,CA,3,11.0,1.0,651.0,645.0,119.0,25613.0,25613.0,0.5,0.5,0.3333,1,1125.0,15625.33,2962.0,17253.0,4761.0,42300,9.0,45934.0,,,6611.0,,28781.5,71383.01,0.3306,7647.0,24627.0,0.75
271,Dominican University of California,San Rafael,CA,3,13.0,0.9293,630.0,645.0,1243.0,47910.0,47910.0,0.7738,0.8075,0.6786,1,1126.0,15772.0,3052.0,17254.0,4834.0,63600,10.0,72361.0,67540.0,0.25,9008.0,,65976,79219.91,0.5993,12532.0,18929.0,0.8407
288,Fresno Pacific University,Fresno,CA,3,11.0,0.7786,620.0,620.0,2668.0,33452.0,33452.0,0.6768,0.7158,0.5549,1,1080.0,8710.0,2609.0,11164.0,3784.0,45600,11.0,51608.0,62716.0,0.1,7738.0,,31830,53503.12,0.6237,5959.0,16964.0,0.7143
295,Golden Gate University,San Francisco,CA,3,11.0,,651.0,645.0,679.0,,,,,,1,,16982.17,3909.83,16905.2,4748.6,82300,15.0,,105031.0,0.15,9486.0,,38994,77146.23,0.1933,7963.0,19341.0,
301,Harvey Mudd College,Claremont,CA,3,21.0,0.0999,760.0,800.0,905.0,60703.0,60703.0,0.9439,0.9757,0.8832,1,800.0,19333.0,1400.0,16055.0,1643.33,104200,9.0,98298.0,169309.0,0.65,14431.0,,104805.5,82806.61,0.3466,31554.0,38290.0,0.9442
303,Holy Names University,Oakland,CA,3,11.0,0.9531,651.0,645.0,592.0,40904.0,40904.0,0.5798,0.6212,0.4958,1,1125.0,13994.0,2979.0,17253.0,4761.0,57600,9.0,68503.0,64902.0,0.13,8092.0,,42253.5,72379.02,0.6305,10438.0,16045.0,0.6438
305,California State Polytechnic University-Humboldt,Arcata,CA,3,33.0,0.9146,651.0,645.0,5336.0,7864.0,19744.0,0.475,0.7368,0.2029,1,1070.0,12540.0,3344.0,13390.0,3344.0,40100,16.0,42450.0,51551.0,0.15,9796.0,,26596,57400.36,0.392,10610.0,4058.0,0.7335
306,Humphreys University-Stockton and Modesto Campuses,Stockton,CA,3,11.0,,651.0,645.0,197.0,14580.0,14580.0,0.7222,1.0,1.0,1,1125.0,14498.5,3342.06,17253.0,4761.0,33200,7.0,37222.0,41990.0,0.03,5621.0,,17484,54713.65,0.7577,7179.0,14590.0,1.0
313,American Jewish University,Los Angeles,CA,3,11.0,,651.0,645.0,22.0,,,0.5,,0.5,1,,14865.12,3519.62,15474.0,5437.75,PrivacySuppressed,2.0,50934.0,,,13118.0,,13489,80280.56,0.2857,18137.0,7348.0,0.7
315,Life Pacific University,San Dimas,CA,3,21.0,0.9397,651.0,645.0,419.0,18300.0,18300.0,0.5111,0.5167,0.3194,1,1125.0,10107.0,3079.0,17253.0,4861.0,34400,10.0,36253.0,48835.0,0.1,6168.0,,39700,65850.07,0.6224,5330.0,12354.0,0.5905
316,University of La Verne,La Verne,CA,3,21.0,0.7194,580.0,555.0,3686.0,45850.0,45850.0,0.6936,0.7966,0.5975,1,1125.0,14470.0,2979.0,17253.0,4761.0,52700,13.0,58506.0,73050.0,0.11,9284.0,,35393.5,67082.29,0.5784,9461.0,19968.0,0.7911
317,Laguna College of Art and Design,Laguna Beach,CA,3,41.0,0.833,651.0,645.0,735.0,33600.0,33600.0,0.7037,0.7838,0.4691,1,2030.0,16496.0,3954.0,17077.0,5557.0,41400,8.0,49140.0,60797.0,0.2,9260.0,,57057,84064.41,0.5505,11262.0,23823.0,0.7755
324,Lincoln University,Oakland,CA,3,11.0,,651.0,645.0,168.0,11420.0,11420.0,0.7273,1.0,0.7273,1,850.0,14181.5,2723.5,8400.0,1800.0,PrivacySuppressed,16.0,,,0.2,6701.0,,11104,76284.11,0.3563,4082.0,7949.0,1.0
325,Southern California Seminary,El Cajon,CA,3,21.0,,651.0,645.0,46.0,17736.0,17736.0,,,,1,1134.0,12687.0,3079.0,17409.0,4874.0,PrivacySuppressed,9.0,,,,5571.0,,10834,61547.27,0.4,6010.0,11068.0,1.0
326,La Sierra University,Riverside,CA,3,11.0,0.6607,570.0,570.0,1270.0,34218.0,34218.0,0.449,0.7185,0.345,1,1125.0,8790.0,3006.0,17253.0,6693.0,54600,16.0,57047.0,65238.0,0.1,8020.0,,39628,63313.83,0.5607,9623.0,31013.0,0.7573
327,Loma Linda University,Loma Linda,CA,3,21.0,,651.0,645.0,980.0,,,,,,1,,14498.5,3342.06,15000.97,4615.17,93600,3.0,79669.0,102847.0,0.23,8935.0,,28486,65234.5,0.6224,29099.0,38381.0,
335,The Master's University and Seminary,Santa Clarita,CA,3,21.0,0.6698,651.0,645.0,1338.0,28870.0,28870.0,0.7164,0.8381,0.6617,1,1125.0,12330.0,2635.0,17253.0,3843.0,52100,14.0,38544.0,62479.0,0.31,8364.0,,62835.5,71662.94,0.4008,8686.0,13338.0,0.8313
340,Loyola Marymount University,Los Angeles,CA,3,11.0,0.4582,700.0,720.0,6999.0,53526.0,53526.0,0.7877,0.898,0.7152,1,1125.0,15306.0,2979.0,17253.0,4761.0,71600,11.0,69119.0,80534.0,0.27,12022.0,,69000,78631.93,0.3198,16516.0,36253.0,0.8647
347,Marymount California University,Rancho Palos Verdes,CA,3,21.0,,651.0,645.0,443.0,36908.0,36908.0,0.3945,0.602,0.2305,1,1828.0,15999.0,2756.0,15999.0,2824.0,42000,16.0,43004.0,48763.0,0.13,8640.0,,38783.5,73970.25,0.4738,7485.0,18669.0,0.6273
349,Menlo College,Atherton,CA,3,21.0,0.6978,651.0,645.0,743.0,47425.0,47425.0,0.5497,0.7087,0.4768,1,1124.0,15990.0,1736.0,11685.0,2312.0,59700,14.0,61617.0,66562.0,0.15,9962.0,,49601,80580.15,0.4794,7431.0,18485.0,0.7104
352,Mills College at Northeastern University,Oakland,CA,3,11.0,0.7981,743.0,670.0,438.0,30950.0,30950.0,0.6403,0.6179,0.609,1,1611.0,14369.0,2468.0,14369.0,4178.0,49500,8.0,56976.0,,0.21,10284.0,,33773,71756.45,0.4926,20027.0,18343.0,0.6204
358,Middlebury Institute of International Studies at Monterey,Monterey,CA,3,22.0,,651.0,645.0,13.0,,,,,,1,,14498.5,3342.06,15000.97,4615.17,71900,1.0,65145.0,75177.0,0.41,10138.0,,57882,77169.17,0.3846,14145.0,22058.0,
362,Mount Saint Mary's University,Los Angeles,CA,3,11.0,0.9012,651.0,645.0,1898.0,45388.0,45388.0,0.5895,0.7308,0.4674,1,2242.0,12704.0,6382.0,15080.0,6382.0,63500,13.0,70027.0,114707.0,0.12,10354.0,,35520,59943.9,0.7046,12176.0,22501.0,0.7405
367,National University,San Diego,CA,3,11.0,0.5455,651.0,645.0,7160.0,13320.0,13320.0,0.4667,1.0,0.1071,1,1125.0,15625.33,2962.0,17253.0,4761.0,59000,16.0,62986.0,76056.0,0.09,10145.0,,31188,64760.95,0.2546,4088.0,13219.0,0.5
369,Newschool of Architecture and Design,San Diego,CA,3,11.0,0.6085,651.0,645.0,301.0,29427.0,29427.0,0.537,0.4643,0.2593,1,3210.0,15625.33,2962.0,13527.0,10794.0,55100,8.0,61497.0,63000.0,,6756.0,,19871,67862.5,0.4986,4970.0,18139.0,0.5909
374,San Francisco Bay University,Fremont,CA,3,21.0,0.45,651.0,645.0,6.0,8720.0,8720.0,0.2667,0.0,0.2,1,1210.0,9200.0,2950.0,12000.0,3000.0,,2.0,,,,5463.0,,,,0.0,35898.0,10530.0,0.0
375,Notre Dame de Namur University,Belmont,CA,3,21.0,,651.0,645.0,0.0,,,0.5465,,0.4094,1,,14498.5,3342.06,15000.97,4615.17,63900,,73133.0,69223.0,0.15,8407.0,,39259,89560.16,0.5118,15394.0,17384.0,
376,Occidental College,Los Angeles,CA,3,11.0,0.3824,740.0,750.0,1952.0,58426.0,58426.0,0.8291,0.9179,0.7942,1,1240.0,16712.0,1500.0,15474.0,5437.75,59400,9.0,63991.0,73862.0,0.33,11376.0,,76004,75275.66,0.3279,19987.0,27914.0,0.86
379,Otis College of Art and Design,Los Angeles,CA,3,11.0,0.7982,720.0,640.0,1191.0,50950.0,50950.0,0.6859,0.7813,0.5916,1,840.0,15744.0,3268.0,15744.0,3268.0,52400,9.0,47303.0,61373.0,0.15,8226.0,,37380,73811.67,0.4738,17567.0,25693.0,0.6968
381,Hope International University,Fullerton,CA,3,21.0,0.3997,530.0,650.0,619.0,35450.0,35450.0,0.4196,0.6556,0.2411,1,1125.0,12500.0,2979.0,17253.0,4761.0,40700,13.0,39765.0,49296.0,0.13,5666.0,,40565,71774.01,0.7915,4783.0,9914.0,0.7638
383,Palo Alto University,Palo Alto,CA,3,41.0,,651.0,645.0,64.0,,,,,,1,,14498.5,3342.06,15000.97,4615.17,PrivacySuppressed,12.0,52807.0,91249.0,0.2,13014.0,,18766.5,PrivacySuppressed,0.5132,17191.0,27049.0,
384,Pacific Oaks College,Pasadena,CA,3,12.0,0.1304,651.0,645.0,479.0,11692.0,11692.0,,,,1,2028.0,14498.5,3342.06,18536.0,8568.0,43100,5.0,50971.0,,0.07,6109.0,,24828.5,60596.02,0.7903,6746.0,23473.0,
386,Pacific States University,Los Angeles,CA,3,11.0,,651.0,645.0,2.0,7380.0,7380.0,0.75,1.0,0.0,1,1687.0,14865.12,3519.62,17200.0,2700.0,PrivacySuppressed,3.0,,,,,,PrivacySuppressed,PrivacySuppressed,0.0,3719.0,8789.0,1.0
387,Pacific Union College,Angwin,CA,3,41.0,0.5773,651.0,645.0,799.0,32103.0,32103.0,0.396,0.6095,0.2456,1,1125.0,8916.0,2979.0,17257.0,4761.0,61700,12.0,64777.0,69856.0,0.17,6281.0,,55384,69255.78,0.6429,16158.0,16952.0,0.6574
388,University of the Pacific,Stockton,CA,3,11.0,0.793,680.0,700.0,3269.0,52352.0,52352.0,0.6949,0.845,0.4358,1,1125.0,14070.0,2979.0,13891.0,4761.0,84200,13.0,77050.0,87533.0,0.27,11095.0,,44821.5,72621.06,0.4299,19278.0,32783.0,0.8576
392,Pepperdine University,Malibu,CA,3,21.0,0.5271,710.0,730.0,3706.0,59702.0,59702.0,0.8295,0.9338,0.7248,1,1250.0,16700.0,2500.0,16700.0,2500.0,77600,13.0,71236.0,94515.0,0.28,12961.0,,69305,79068.51,0.3541,10791.0,28457.0,0.8903
393,Pitzer College,Claremont,CA,3,21.0,0.1831,651.0,645.0,1168.0,57978.0,57978.0,0.8839,0.9315,0.8052,1,1100.0,19180.0,1300.0,14572.0,1300.0,51500,12.0,62287.0,66244.0,0.3,11766.0,,71480.5,75882.08,0.244,26664.0,42755.0,0.8664
394,Platt College-San Diego,San Diego,CA,3,11.0,,651.0,645.0,64.0,16378.0,16378.0,0.8182,,,1,1125.0,15625.33,2962.0,17253.0,4761.0,44800,12.0,33330.0,49879.0,,5029.0,,22325,65513.48,0.3958,6162.0,20112.0,
395,Point Loma Nazarene University,San Diego,CA,3,11.0,0.8366,680.0,670.0,3170.0,39500.0,39500.0,0.7274,0.8412,0.6538,1,1126.0,11300.0,2980.0,17254.0,4762.0,54400,15.0,61193.0,67918.0,0.28,10559.0,,59409,71269.62,0.5003,8557.0,21300.0,0.8429
396,Pomona College,Claremont,CA,3,21.0,0.0664,770.0,800.0,1747.0,56686.0,56686.0,0.9298,0.9573,0.8647,1,1000.0,18524.0,1500.0,15687.0,1500.0,77300,7.0,70106.0,76282.0,0.4,13749.0,,42689,76544.99,0.0383,40275.0,21561.0,0.9066
402,University of Redlands,Redlands,CA,3,13.0,0.8297,650.0,630.0,2596.0,54066.0,54066.0,0.6941,0.8075,0.5851,1,1125.0,15562.0,2979.0,15562.0,2979.0,57700,11.0,63432.0,76157.0,0.19,10501.0,,57353,68599.2,0.569,10203.0,16487.0,0.7744
411,Samuel Merritt University,Oakland,CA,3,11.0,,651.0,645.0,677.0,,,,,,1,,14181.5,2723.5,13340.67,3579.67,111200,7.0,126750.0,146352.0,0.39,11127.0,,30597,83323.75,0.572,22037.0,34383.0,
415,San Diego State University,San Diego,CA,3,11.0,0.379,651.0,645.0,30991.0,8136.0,20016.0,0.7615,0.9008,0.4819,1,1091.0,19330.0,2927.0,15375.0,3654.0,55900,26.0,57220.0,68060.0,0.21,10936.0,,32530,68953.33,0.1966,7190.0,6662.0,0.8945
416,University of San Diego,San Diego,CA,3,11.0,0.527,651.0,645.0,5601.0,52864.0,52864.0,0.8002,0.9194,0.6667,1,1104.0,16246.0,2979.0,17253.0,4761.0,71100,13.0,74237.0,85389.0,0.29,12520.0,,70085,79883.39,0.327,16595.0,29522.0,0.8781
417,San Francisco Art Institute,San Francisco,CA,3,11.0,,651.0,645.0,26.0,,,0.3176,,0.2941,1,,16982.17,3909.83,16905.2,4748.6,38600,4.0,32585.0,35131.0,0.15,9284.0,,37402.5,72969.6,0.1923,49782.0,42361.0,0.0
418,San Francisco Conservatory of Music,San Francisco,CA,3,11.0,0.4645,651.0,645.0,228.0,50800.0,50800.0,0.7059,0.9107,0.6176,1,975.0,19700.0,5200.0,17200.0,6100.0,30800,3.0,,32279.0,0.2,14965.0,,49656,74879.37,0.2757,30654.0,22541.0,0.8532
419,San Francisco State University,San Francisco,CA,3,11.0,0.9292,651.0,645.0,22563.0,7304.0,19184.0,0.5371,0.8452,0.2406,1,1076.0,15950.0,3133.0,18270.0,4025.0,54700,20.0,62581.0,68075.0,0.2,10761.0,,27895.5,77495.51,0.2295,8087.0,5167.0,0.8324
420,University of San Francisco,San Francisco,CA,3,11.0,0.7092,690.0,700.0,5937.0,53472.0,53472.0,0.7561,0.8633,0.6762,1,1130.0,16140.0,4490.0,16140.0,4490.0,74000,13.0,80802.0,90185.0,0.27,13123.0,,57928,82472.56,0.4443,16235.0,29262.0,0.8107
425,William Jessup University,Rocklin,CA,3,41.0,0.7778,651.0,645.0,1195.0,37000.0,37000.0,0.6,0.6159,0.4897,1,1125.0,12368.0,2979.0,17253.0,4761.0,45100,13.0,46625.0,61541.0,0.19,7439.0,,47787.5,76498.11,0.6568,5996.0,14061.0,0.6554
427,San Jose State University,San Jose,CA,3,11.0,0.8437,651.0,645.0,28190.0,7852.0,19732.0,0.6879,0.8851,0.252,1,1087.0,17360.0,3133.0,18521.0,3975.0,63800,24.0,66951.0,80672.0,0.26,10570.0,,29408,88589.14,0.1911,7427.0,6987.0,0.8725
431,Santa Clara University,Santa Clara,CA,3,12.0,0.5398,720.0,770.0,5887.0,55860.0,55860.0,0.9087,0.9435,0.85,1,1125.0,16533.0,2979.0,17253.0,4761.0,85300,11.0,92649.0,105728.0,0.44,13444.0,,97113.5,93581.09,0.2281,18293.0,34256.0,0.9338
435,Scripps College,Claremont,CA,3,21.0,0.2954,760.0,760.0,1091.0,58442.0,58442.0,0.8231,0.9655,0.7653,1,800.0,18998.0,2000.0,16055.0,1643.33,61800,10.0,70055.0,,0.4,11552.0,,78713,79153.99,0.188,24452.0,36372.0,0.8704
437,Shasta Bible College and Graduate School,Redding,CA,3,13.0,1.0,651.0,645.0,29.0,12860.0,12860.0,0.0,0.0,0.0,1,900.0,4350.0,6700.0,11200.0,7900.0,PrivacySuppressed,3.0,,,,3600.0,,12253.5,54363.26,0.1935,2963.0,5717.0,0.4
442,Simpson University,Redding,CA,3,13.0,0.6695,651.0,645.0,805.0,35900.0,35900.0,0.4478,0.5714,0.3333,1,1125.0,11900.0,2637.0,17253.0,3843.0,39900,13.0,45398.0,51522.0,0.17,6659.0,,34919.5,55586.54,0.6164,11618.0,17658.0,0.6398
447,Saint Mary's College of California,Moraga,CA,3,21.0,0.7008,651.0,645.0,2190.0,51768.0,51768.0,0.7308,0.8825,0.6138,1,1100.0,16300.0,2100.0,15698.0,2550.0,63600,9.0,68890.0,76558.0,0.26,10671.0,,72847,84232.87,0.6495,13122.0,23311.0,0.8445
449,Sonoma State University,Rohnert Park,CA,3,21.0,0.9373,651.0,645.0,6560.0,7988.0,19868.0,0.5991,0.8312,0.411,1,1022.0,14510.0,3178.0,17252.0,3216.0,53200,20.0,59870.0,67899.0,0.24,10494.0,,40508,75511.05,0.2571,8595.0,5677.0,0.8081
452,Vanguard University of Southern California,Costa Mesa,CA,3,12.0,0.6901,610.0,590.0,1972.0,37700.0,37700.0,0.6146,0.7514,0.5553,1,1120.0,9980.0,2970.0,17250.0,4730.0,48800,17.0,48765.0,61742.0,0.18,8658.0,,42880,75891.29,0.8829,7817.0,18264.0,0.749
457,Southern California Institute of Architecture,Los Angeles,CA,3,11.0,0.6486,660.0,750.0,252.0,49016.0,49016.0,0.7419,0.9259,0.0,1,3150.0,14865.12,3519.62,13440.0,11000.0,44200,15.0,77478.0,78230.0,,12303.0,,27841,66525.34,0.498,16482.0,33021.0,0.9286
458,University of Southern California,Los Angeles,CA,3,11.0,0.1251,750.0,790.0,20619.0,61503.0,61503.0,0.9201,0.9633,0.788,1,1200.0,16732.0,2224.0,16732.0,2224.0,88800,9.0,86675.0,95690.0,0.32,15683.0,,45149,76787.41,0.2302,58475.0,37787.0,0.9391
462,Thomas Aquinas College,Santa Paula,CA,3,42.0,0.8314,720.0,650.0,497.0,26000.0,26000.0,0.859,0.8852,0.7692,1,0.0,9400.0,3028.0,17252.0,4810.0,45900,11.0,34820.0,57190.0,0.3,5863.0,,97358.5,67656.24,0.71,14117.0,15549.0,0.9079
479,Westmont College,Santa Barbara,CA,3,22.0,0.7897,720.0,740.0,1238.0,48660.0,48660.0,0.7345,0.8502,0.6873,1,1600.0,15370.0,1400.0,8550.0,2300.0,58000,10.0,57065.0,77359.0,0.29,9633.0,,87651,78788.61,0.5155,16996.0,19874.0,0.7907
480,Whittier College,Whittier,CA,3,21.0,0.8249,680.0,660.0,1321.0,49514.0,49514.0,0.636,0.8201,0.5955,1,1000.0,14972.0,1000.0,9000.0,1500.0,50900,11.0,58049.0,69035.0,0.19,8653.0,,64984,73825.46,0.6695,13575.0,21740.0,0.7582
481,Woodbury University,Burbank,CA,3,11.0,0.6304,651.0,645.0,937.0,43418.0,43418.0,0.5913,0.7464,0.3217,1,1125.0,13896.0,2979.0,17253.0,4761.0,52100,8.0,55889.0,64838.0,0.09,7699.0,,32542.5,60713.37,0.6069,17485.0,30307.0,0.7324
484,Yeshiva Ohr Elchonon Chabad West Coast Talmudical Seminary,Los Angeles,CA,3,11.0,0.686,651.0,645.0,142.0,15700.0,15700.0,0.25,0.8824,0.2333,1,0.0,8100.0,3800.0,12510.0,3800.0,PrivacySuppressed,18.0,,33777.0,,5696.0,,40088,66838.2,0.0,21715.0,16173.0,0.8773
487,Adams State University,Alamosa,CO,3,33.0,0.9983,570.0,570.0,1484.0,9680.0,17933.0,0.287,0.5924,0.2198,1,1800.0,9167.0,3150.0,11844.0,3150.0,38100,11.0,34744.0,43238.0,0.1,6465.0,,31933,50726.71,0.4932,8530.0,6779.0,0.5926
491,University of Colorado Denver/Anschutz Medical Campus,Denver,CO,3,11.0,0.7205,630.0,620.0,11042.0,9384.0,26376.0,0.4804,0.748,0.2449,1,1460.0,13790.0,6300.0,11844.0,6300.0,71200,17.0,56823.0,65337.0,0.15,10909.0,,33313,74050.41,0.2506,31574.0,14119.0,0.7375
492,University of Colorado Colorado Springs,Colorado Springs,CO,3,11.0,0.9527,651.0,645.0,9634.0,8766.0,21222.0,0.4414,0.6664,0.2312,1,1800.0,10920.0,4660.0,11080.0,4660.0,49300,16.0,46372.0,60355.0,0.17,8428.0,,42591,70639.18,0.3481,9798.0,9307.0,0.6904
494,University of Colorado Boulder,Boulder,CO,3,12.0,0.7958,690.0,700.0,30414.0,12496.0,38314.0,0.7404,0.8738,0.5306,1,1200.0,15676.0,2979.0,13050.0,2979.0,59700,18.0,60294.0,71679.0,0.27,12044.0,,70221,81327.65,0.2472,18097.0,20776.0,0.8611
495,Colorado Christian University,Lakewood,CO,3,12.0,,651.0,645.0,4995.0,35436.0,35436.0,0.5824,0.8229,0.4714,1,1000.0,11194.0,500.0,8910.0,500.0,44600,15.0,44483.0,59969.0,0.11,6612.0,,29376,70816.99,0.4466,3519.0,11648.0,0.8233
496,Colorado College,Colorado Springs,CO,3,11.0,0.1425,651.0,645.0,2235.0,62070.0,62070.0,0.8574,0.961,0.823,1,1240.0,13668.0,2584.0,13668.0,2584.0,49900,9.0,57189.0,71323.0,0.3,11189.0,,74864,73737.62,0.2365,26985.0,34550.0,0.9115
500,Colorado School of Mines,Golden,CO,3,21.0,0.5688,720.0,750.0,5440.0,19538.0,40838.0,0.8325,0.9093,0.665,1,1500.0,15286.0,1879.0,10142.0,3065.0,95600,16.0,89268.0,98282.0,0.39,12648.0,,95766,74353.28,0.381,16440.0,21181.0,0.9142
502,Colorado State University-Fort Collins,Fort Collins,CO,3,12.0,0.8964,650.0,640.0,24344.0,12331.0,31613.0,0.6912,0.8563,0.4671,1,1200.0,13016.0,1799.0,11844.0,1799.0,53400,17.0,50739.0,66888.0,0.22,10534.0,,63463.5,73818.06,0.3386,14690.0,15851.0,0.8528
503,Colorado Technical University-Colorado Springs,Colorado Springs,CO,3,11.0,,651.0,645.0,21009.0,12581.0,12581.0,0.2257,0.4393,0.1609,1,1385.0,12373.17,3136.93,7864.0,1319.0,51300,30.0,31585.0,49726.0,0.03,7323.0,,14687.5,58865.35,0.7164,1343.0,12638.0,0.4597
509,University of Denver,Denver,CO,3,11.0,0.6363,700.0,690.0,5771.0,54819.0,54819.0,0.7569,0.8405,0.6742,1,1000.0,14674.0,3021.0,14674.0,3021.0,65400,10.0,64427.0,77548.0,0.25,11193.0,,80202,78120.26,0.3353,16310.0,30315.0,0.841
511,Fort Lewis College,Durango,CO,3,32.0,0.9275,620.0,580.0,3260.0,9004.0,19660.0,0.4406,0.5427,0.2958,1,1240.0,12012.0,3714.0,10528.0,3714.0,39400,14.0,39216.0,43974.0,0.15,7218.0,,41306.5,61685.3,0.3117,9153.0,3815.0,0.6096
516,Colorado Mesa University,Grand Junction,CO,3,13.0,0.8024,610.0,590.0,7904.0,9000.0,22322.0,0.3809,0.7207,0.2758,1,1560.0,11265.0,3110.0,8478.0,3110.0,42300,18.0,38798.0,51236.0,0.13,7164.0,,44794,56304.4,0.3896,9082.0,8250.0,0.7357
517,Metropolitan State University of Denver,Denver,CO,3,11.0,0.8882,580.0,560.0,15625.0,10021.0,27502.0,0.2976,0.6283,0.1085,1,1460.0,13808.67,4156.33,13160.0,6080.0,44200,19.0,46379.0,54769.0,0.11,7336.0,,32101,71857.86,0.3385,6190.0,7321.0,0.6183
519,Naropa University,Boulder,CO,3,12.0,1.0,651.0,645.0,317.0,34800.0,34800.0,0.3421,0.5385,0.1316,1,1256.0,10516.0,4626.0,13176.0,4626.0,27800,9.0,24907.0,,0.1,6394.0,,21389,68743.09,0.525,10655.0,22475.0,0.5472
520,Nazarene Bible College,Colorado Springs,CO,3,11.0,,651.0,645.0,347.0,10320.0,10320.0,0.0,,0.0,1,990.0,12373.17,3136.93,9450.0,3375.0,34400,5.0,31113.0,49773.0,,4725.0,,30766.5,57714.73,0.222,5816.0,9350.0,
522,University of Northern Colorado,Greeley,CO,3,12.0,0.9113,620.0,590.0,6683.0,10666.0,23785.0,0.519,0.6913,0.3553,1,1200.0,12152.0,3290.0,11844.0,3598.0,47100,14.0,46310.0,53562.0,0.16,7865.0,,51738,72445.43,0.399,8948.0,9464.0,0.6972
527,Regis University,Denver,CO,3,11.0,0.8137,640.0,630.0,2616.0,39610.0,39610.0,0.6202,0.7921,0.53,1,1460.0,12962.0,3148.0,11844.0,3148.0,62700,10.0,63287.0,76479.0,0.15,7471.0,,42833,74280.35,0.4395,8320.0,17297.0,0.7609
528,Rocky Mountain College of Art and Design,Lakewood,CO,3,12.0,,651.0,645.0,1832.0,21615.0,21615.0,0.4342,0.6,0.3158,1,1460.0,11194.0,500.0,10528.0,2800.0,36700,10.0,36376.0,42974.0,0.07,4556.0,,28600,71949.72,0.6131,4330.0,17202.0,0.5871
530,Colorado State University Pueblo,Pueblo,CO,3,12.0,0.9917,570.0,560.0,3092.0,9005.0,15659.0,0.3856,0.625,0.2078,1,1854.0,11170.0,5516.0,11783.0,5516.0,41600,15.0,44520.0,53002.0,0.1,6918.0,,38397,54713.6,0.5808,5348.0,4860.0,0.6556
535,United States Air Force Academy,USAF Academy,CO,3,31.0,0.1243,730.0,760.0,4181.0,,,0.8609,0.9253,0.8478,1,,12373.17,3136.93,11578.18,3576.93,,8.0,,,,10484.0,,,,,30931.0,0.0,0.9294
537,Western Colorado University,Gunnison,CO,3,33.0,0.9087,630.0,600.0,1722.0,10662.0,22446.0,0.4763,0.7361,0.2931,1,1300.0,9990.0,3150.0,11844.0,3150.0,43400,18.0,43410.0,49899.0,0.15,6952.0,,61406.5,68547.81,0.3001,11050.0,9399.0,0.703
810,Chaminade University of Honolulu,Honolulu,HI,3,11.0,0.9008,651.0,645.0,1536.0,27454.0,27454.0,0.6574,0.6983,0.4815,1,1600.0,15050.0,2578.0,14100.0,2578.0,41000,10.0,44936.0,44501.0,0.11,8515.0,,27931.5,72476.63,0.3568,10767.0,17719.0,0.7574
811,University of Hawaii at Hilo,Hilo,HI,3,33.0,0.9217,630.0,580.0,2630.0,7838.0,20798.0,0.427,0.7127,0.273,1,1350.0,8248.0,3966.0,12786.0,11338.0,41800,13.0,43384.0,50712.0,0.14,10873.0,,27504,59308.27,0.3253,16118.0,7133.0,0.7125
812,University of Hawaii at Manoa,Honolulu,HI,3,11.0,0.6998,660.0,630.0,13839.0,12186.0,34218.0,0.5891,0.7971,0.3666,1,1350.0,13642.0,2742.0,13642.0,2742.0,51800,14.0,51684.0,61333.0,0.19,12905.0,,40609,71646.27,0.2907,22581.0,11441.0,0.7987
814,Hawaii Pacific University,Honolulu,HI,3,11.0,0.8532,628.0,610.0,2726.0,30020.0,30020.0,0.4249,0.6401,0.3106,1,1300.0,16764.0,2300.0,16764.0,2300.0,56400,18.0,54156.0,61641.0,0.13,8534.0,,42913,72804.49,0.2558,5889.0,17716.0,0.6475
820,University of Hawaii-West Oahu,Kapolei,HI,3,21.0,0.9462,650.0,570.0,2651.0,7584.0,20544.0,0.3682,0.6193,0.1339,1,1350.0,11739.67,3773.5,16104.0,4936.0,41100,18.0,51531.0,56891.0,0.15,10225.0,,28758,74812.42,0.2383,11799.0,5404.0,0.6812
823,Boise Bible College,Boise,ID,3,21.0,0.7941,610.0,590.0,88.0,13100.0,13100.0,0.5,0.4,0.4583,1,720.0,7000.0,4980.0,18900.0,9300.0,32700,10.0,30972.0,42567.0,0.1,5178.0,,45930,55318.91,0.3564,9123.0,13029.0,0.5
824,Boise State University,Boise,ID,3,12.0,0.8313,651.0,645.0,17075.0,8060.0,24980.0,0.5362,0.76,0.3067,1,1240.0,13459.0,4336.0,10423.0,4714.0,43100,20.0,41686.0,54019.0,0.15,8627.0,,42915,58298.66,0.305,7859.0,9383.0,0.7694
826,Idaho State University,Pocatello,ID,3,13.0,,651.0,645.0,6842.0,7872.0,25326.0,0.3909,0.6515,0.1959,1,1000.0,7340.0,5930.0,8370.0,5930.0,43900,13.0,36449.0,56371.0,0.12,7968.0,,35747.5,52463.75,0.3126,12445.0,8519.0,0.64
827,University of Idaho,Moscow,ID,3,32.0,0.8138,620.0,600.0,6861.0,8340.0,27576.0,0.5925,0.7457,0.383,1,1232.0,9610.0,3072.0,9610.0,3072.0,47000,16.0,45537.0,58028.0,0.16,9870.0,,45018,54125.14,0.3624,11230.0,10423.0,0.7568
828,The College of Idaho,Caldwell,ID,3,22.0,0.5629,638.0,608.0,1118.0,33755.0,33755.0,0.5606,0.7871,0.4899,1,1200.0,11158.0,2200.0,7500.0,2200.0,47300,12.0,46016.0,52111.0,0.17,7147.0,,63773,57741.96,0.4745,7891.0,8361.0,0.8193
829,Lewis-Clark State College,Lewiston,ID,3,13.0,1.0,651.0,645.0,2441.0,6982.0,20238.0,0.3718,0.6258,0.2107,1,1400.0,7860.0,2800.0,7860.0,2800.0,38200,15.0,40814.0,49982.0,0.13,6789.0,,31207,49266.88,0.3166,8367.0,5012.0,0.6187
833,Northwest Nazarene University,Nampa,ID,3,22.0,0.8815,630.0,600.0,1172.0,34390.0,34390.0,0.6255,0.7411,0.438,1,1264.0,9600.0,2582.0,9468.0,3608.0,46300,14.0,41083.0,51409.0,0.17,6600.0,,51227,59470.41,0.582,5741.0,10115.0,0.7643
835,Brigham Young University-Idaho,Rexburg,ID,3,32.0,0.9657,610.0,590.0,43532.0,4416.0,4416.0,0.496,0.6714,0.152,1,400.0,4452.0,3612.0,4452.0,3612.0,49400,20.0,26546.0,74714.0,0.22,9252.0,,42100,58959.59,0.1431,4517.0,2600.0,0.7059
1104,Ashford University,San Diego,CA,3,11.0,,651.0,645.0,31534.0,14278.0,14278.0,0.0946,0.3068,0.0083,1,1235.0,15625.33,2962.0,8724.0,6428.0,47600,21.0,33542.0,50490.0,0.04,7458.0,,17066,62011.29,0.3885,1458.0,11399.0,0.2961
1812,Carroll College,Helena,MT,3,33.0,0.8392,640.0,640.0,1084.0,38106.0,38106.0,0.6744,0.803,0.5271,1,800.0,10416.0,3168.0,10416.0,2576.0,49200,11.0,52162.0,67788.0,0.23,6170.0,,82088.5,55326.09,0.4891,9218.0,15411.0,0.8207
1815,Montana State University Billings,Billings,MT,3,12.0,,651.0,645.0,2818.0,6022.0,19352.0,0.2813,0.5657,0.1355,1,1540.0,7956.0,4740.0,7956.0,4740.0,38700,15.0,36082.0,52391.0,0.13,6706.0,,34882.5,48720.57,0.3515,6914.0,5650.0,0.5759
1820,University of Providence,Great Falls,MT,3,13.0,1.0,630.0,650.0,660.0,26812.0,26812.0,0.3865,0.5769,0.2025,1,1000.0,9746.0,4000.0,8000.0,6000.0,38600,8.0,40913.0,46014.0,0.1,6381.0,,44229,48623.58,0.3916,7790.0,12771.0,0.5932
1824,Montana Technological University,Butte,MT,3,33.0,0.8984,660.0,630.0,1467.0,7400.0,22570.0,0.5734,0.7556,0.3566,1,1320.0,10658.0,4382.0,10658.0,4382.0,52100,13.0,39538.0,60666.0,0.16,8151.0,,38398,44236.75,0.3913,9012.0,6516.0,0.7786
1825,Montana State University,Bozeman,MT,3,33.0,0.73,650.0,650.0,14329.0,7528.0,28264.0,0.5452,0.7552,0.3105,1,1450.0,10400.0,3908.0,10400.0,3908.0,48900,18.0,45110.0,58763.0,0.2,8598.0,,56045,53207.14,0.3393,8484.0,11707.0,0.7687
1826,The University of Montana,Missoula,MT,3,13.0,0.8214,660.0,620.0,7026.0,7432.0,28416.0,0.4772,0.7543,0.3259,1,1100.0,11054.0,3450.0,11054.0,4150.0,43300,15.0,40221.0,48175.0,0.12,8380.0,,36050,50573.68,0.4407,10682.0,9731.0,0.7484
1827,Montana State University-Northern,Havre,MT,3,33.0,,651.0,645.0,838.0,5955.0,18665.0,0.3134,0.6951,0.2375,1,1400.0,6470.0,3200.0,7700.0,3200.0,40400,14.0,36369.0,52396.0,0.13,6108.0,,35266,43741.63,0.3785,9960.0,7921.0,0.6971
1828,Rocky Mountain College,Billings,MT,3,12.0,0.8066,600.0,580.0,807.0,31335.0,31335.0,0.523,0.6026,0.4059,1,1300.0,8855.0,3270.0,8854.0,3270.0,47100,12.0,41735.0,61089.0,0.17,6690.0,,62012,51454.11,0.6329,10510.0,17586.0,0.6242
1830,The University of Montana-Western,Dillon,MT,3,33.0,0.3333,651.0,645.0,1283.0,5726.0,17190.0,0.4178,0.7285,0.24,1,924.0,8280.0,3600.0,11206.0,3600.0,36700,14.0,33563.0,49486.0,0.11,7052.0,,42280,47125.83,0.4873,7639.0,5083.0,0.7295
1868,University of Nevada-Las Vegas,Las Vegas,NV,3,12.0,0.8348,651.0,645.0,24835.0,8737.0,24828.0,0.4715,0.774,0.1938,1,1240.0,11512.0,4926.0,11430.0,6596.0,49600,18.0,49969.0,59220.0,0.14,10839.0,,34261,70070.97,0.2714,12269.0,7479.0,0.786
1869,University of Nevada-Reno,Reno,NV,3,11.0,0.8816,640.0,630.0,16274.0,8588.0,24680.0,0.6268,0.7848,0.3979,1,1200.0,12216.0,4792.0,12216.0,4792.0,56300,17.0,54508.0,67144.0,0.19,10322.0,,48103,68050.29,0.2884,12091.0,8227.0,0.7949
1871,Sierra Nevada University,Incline Village,NV,3,32.0,0.6667,600.0,600.0,276.0,35508.0,35508.0,0.3409,0.7805,0.2841,1,1900.0,13825.0,2000.0,13825.0,2000.0,46600,9.0,42544.0,49191.0,0.15,4818.0,,40760.5,71252.07,0.4562,9482.0,12461.0,0.6804
1986,Eastern New Mexico University-Main Campus,Portales,NM,3,33.0,0.325,570.0,530.0,2861.0,6648.0,8688.0,0.3993,0.5939,0.2142,1,950.0,7814.0,4498.0,7498.0,4498.0,34800,16.0,31346.0,44369.0,0.1,7244.0,,28573,42974.58,0.2271,6333.0,5217.0,0.6035
1988,Institute of American Indian and Alaska Native Culture and Arts Development,Santa Fe,NM,3,41.0,1.0,651.0,645.0,294.0,5321.0,5321.0,0.2414,0.6111,0.0417,1,2400.0,11262.0,4400.0,13648.0,5600.0,18000,9.0,33853.0,20426.0,,7360.0,,11357.5,45124.59,0.0,16997.0,4266.0,0.48
1989,New Mexico Highlands University,Las Vegas,NM,3,33.0,,651.0,645.0,1451.0,6876.0,11532.0,0.2651,0.5241,0.1779,1,1144.0,8908.0,3968.0,10352.0,3968.0,37800,11.0,40503.0,41989.0,0.07,6302.0,,24029,44721.61,0.54,10714.0,7064.0,0.5909
1993,New Mexico Institute of Mining and Technology,Socorro,NM,3,33.0,0.9672,660.0,660.0,1201.0,8425.0,24254.0,0.5526,0.7599,0.3063,1,800.0,8518.0,3450.0,8518.0,3450.0,58500,10.0,53475.0,65006.0,0.25,9083.0,,39182,52104.89,0.4532,11883.0,6489.0,0.7826
1995,University of New Mexico-Main Campus,Albuquerque,NM,3,11.0,0.9727,651.0,645.0,15092.0,7905.0,25243.0,0.5358,0.6774,0.3362,1,1194.0,10396.0,4230.0,10396.0,4230.0,43900,13.0,39521.0,48892.0,0.1,9683.0,,27972,49538.77,0.4659,13263.0,6811.0,0.7223
1999,New Mexico State University-Main Campus,Las Cruces,NM,3,22.0,0.5726,580.0,560.0,10674.0,7301.0,23767.0,0.5041,0.7164,0.2599,1,1240.0,11407.0,4244.0,9225.0,4244.0,40300,15.0,33196.0,45212.0,0.09,9104.0,,23951,43867.23,0.3076,9222.0,5174.0,0.7357
2004,University of the Southwest,Hobbs,NM,3,41.0,,651.0,645.0,414.0,16200.0,16200.0,0.0909,0.6897,0.0682,1,0.0,8810.0,2800.0,13200.0,2800.0,41000,19.0,41052.0,50283.0,,3682.0,,33345,45234.87,0.6263,6530.0,12955.0,0.7155
2010,Western New Mexico University,Silver City,NM,3,33.0,,651.0,645.0,1528.0,6558.0,13541.0,0.2928,0.7101,0.1895,1,1600.0,10590.0,4288.0,10590.0,4288.0,35800,12.0,31724.0,42877.0,0.07,6853.0,,21494,39573.76,0.3319,7545.0,5794.0,0.6658
2408,Dickinson State University,Dickinson,ND,3,33.0,0.9935,535.0,528.0,1166.0,8122.0,9942.0,0.3636,0.6535,0.184,1,1200.0,7500.0,3500.0,7500.0,3500.0,49300,13.0,44375.0,60361.0,0.23,6908.0,,58846.0,46555.21,0.4113,9322.0,6978.0,0.6437
2411,University of Jamestown,Jamestown,ND,3,33.0,0.7579,560.0,580.0,992.0,23498.0,23498.0,0.5565,0.7241,0.4391,1,1300.0,8316.0,3200.0,8316.0,3200.0,49600,11.0,48268.0,60011.0,0.25,6645.0,,77811.5,51493.83,0.7029,10360.0,9815.0,0.7292
2414,University of Mary,Bismarck,ND,3,41.0,0.7879,651.0,645.0,2185.0,20290.0,20290.0,0.6427,0.7714,0.5136,1,1014.0,7990.0,2829.0,11237.0,2829.0,53000,15.0,55195.0,64181.0,0.31,8008.0,,77856.0,50623.12,0.514,7610.0,17446.0,0.7778
2415,Mayville State University,Mayville,ND,3,43.0,0.6099,651.0,645.0,866.0,7622.0,10756.0,0.3185,0.6212,0.1811,1,1000.0,8955.0,3100.0,8955.0,3100.0,43300,14.0,41972.0,53001.0,0.13,6135.0,,47272.0,51474.96,0.4524,8504.0,6660.0,0.6245
2416,Minot State University,Minot,ND,3,33.0,0.8838,600.0,600.0,2248.0,8164.0,8164.0,0.465,0.7299,0.2675,1,1100.0,6892.0,3650.0,6892.0,3650.0,46900,11.0,42504.0,56315.0,0.2,7348.0,,51786.5,47057.03,0.3863,7994.0,6602.0,0.7212
2417,University of North Dakota,Grand Forks,ND,3,13.0,0.8903,630.0,660.0,8998.0,10596.0,15037.0,0.6178,0.7661,0.3983,1,800.0,9922.0,3446.0,9922.0,3446.0,57800,17.0,53433.0,71034.0,0.24,9136.0,,78651.0,56722.24,0.4511,17790.0,15459.0,0.7906
2420,North Dakota State University-Main Campus,Fargo,ND,3,12.0,0.9546,640.0,673.0,9932.0,10601.0,15076.0,0.6487,0.7612,0.4122,1,800.0,9078.0,3400.0,9078.0,3400.0,55500,18.0,51542.0,66926.0,0.29,9434.0,,80195.0,55831.54,0.5172,10490.0,10452.0,0.7901
2423,Trinity Bible College and Graduate School,Ellendale,ND,3,43.0,0.9688,651.0,645.0,144.0,17686.0,17686.0,0.3958,0.6552,0.3235,1,1000.0,6436.0,3850.0,8300.0,5150.0,31700,7.0,30102.0,41355.0,,4063.0,,36727.0,50788.22,0.8675,8371.0,9862.0,0.5692
2426,Valley City State University,Valley City,ND,3,33.0,0.8145,585.0,605.0,942.0,8195.0,12969.0,0.5318,0.6057,0.3468,1,1100.0,6919.0,3802.0,6919.0,3802.0,41700,13.0,43091.0,53897.0,0.21,6273.0,,59878.0,48927.68,0.3595,11036.0,6158.0,0.6667
2666,Eastern Oregon University,La Grande,OR,3,33.0,0.9768,651.0,645.0,2397.0,9696.0,22386.0,0.3819,0.6453,0.2686,1,1260.0,10455.0,3258.0,10455.0,3258.0,44100,15.0,44739.0,52366.0,0.09,7819.0,,32240,52895.14,0.4207,7354.0,8637.0,0.6734
2667,New Hope Christian College-Eugene,Eugene,OR,3,12.0,0.2727,651.0,645.0,40.0,15700.0,15700.0,0.5517,0.6364,0.1667,1,1000.0,6300.0,4000.0,8300.0,4000.0,31100,8.0,32635.0,35524.0,0.1,,,22167,55765.36,0.6923,5274.0,10624.0,0.5161
2668,George Fox University,Newberg,OR,3,31.0,0.8254,680.0,670.0,2545.0,38520.0,38520.0,0.6947,0.8219,0.601,1,950.0,12700.0,2050.0,12700.0,2050.0,51000,16.0,48639.0,60511.0,0.25,7658.0,,65806,65616.22,0.6817,11140.0,19634.0,0.8268
2671,Lewis & Clark College,Portland,OR,3,11.0,0.7945,730.0,690.0,2096.0,57404.0,57404.0,0.7416,0.8627,0.6713,1,1050.0,13946.0,2052.0,13946.0,2052.0,55000,12.0,53413.0,50582.0,0.25,10175.0,,76292,69786.29,0.6514,15529.0,24736.0,0.824
2672,Linfield University,McMinnville,OR,3,32.0,0.8459,651.0,645.0,1273.0,46032.0,46032.0,0.673,0.8133,0.5485,1,1000.0,13200.0,1950.0,13200.0,1950.0,60300,10.0,67620.0,74327.0,0.23,7142.0,,61012,64098.01,0.8793,13063.0,22376.0,0.8106
2677,Mount Angel Seminary,Saint Benedict,OR,3,31.0,0.4,651.0,645.0,29.0,26256.0,26256.0,0.5385,0.5,0.5385,1,1000.0,14868.0,2100.0,14868.0,2100.0,PrivacySuppressed,6.0,,58380.0,,6418.0,,PrivacySuppressed,59323.69,0.0606,14982.0,20426.0,0.7368
2679,Multnomah University,Portland,OR,3,11.0,0.5938,651.0,645.0,334.0,28810.0,28810.0,0.5536,0.5435,0.4643,1,1680.0,9920.0,6000.0,11000.0,6000.0,38100,12.0,33786.0,55015.0,0.15,5357.0,,36008,65799,0.7976,5339.0,15471.0,0.5981
2680,National University of Natural Medicine,Portland,OR,3,11.0,,651.0,645.0,32.0,,,,,,1,,13463.14,2971.71,12642.0,3081.25,,10.0,,,,6505.0,,35142,,0.5263,12521.0,22557.0,
2681,Bushnell University,Eugene,OR,3,12.0,0.6798,620.0,595.0,470.0,32320.0,32320.0,0.6024,0.7356,0.506,1,1050.0,10190.0,2250.0,10190.0,2700.0,45700,13.0,45824.0,54918.0,0.15,5754.0,,45289.5,52696.79,0.5967,5003.0,10241.0,0.7
2682,Oregon Health & Science University,Portland,OR,3,11.0,,651.0,645.0,783.0,,,,,,1,,13463.14,2971.71,12642.0,3081.25,114900,10.0,95943.0,109622.0,0.21,11146.0,,19006,60107.13,0.6588,88663.0,29548.0,
2683,Oregon Institute of Technology,Klamath Falls,OR,3,33.0,0.9062,650.0,650.0,3257.0,11622.0,32515.0,0.5556,0.6792,0.2809,1,1225.0,10214.0,3568.0,12040.0,3568.0,57800,15.0,58593.0,80269.0,0.2,8499.0,,36182,52974.7,0.2949,9605.0,9092.0,0.7164
2684,Oregon State University,Corvallis,OR,3,13.0,0.8921,680.0,690.0,27038.0,12188.0,31579.0,0.6818,0.8675,0.4059,1,600.0,13860.0,2754.0,13860.0,2745.0,56700,18.0,52655.0,69532.0,0.19,10714.0,,44450,60312.67,0.3305,11183.0,12585.0,0.8567
2685,University of Oregon,Eugene,OR,3,12.0,0.9342,651.0,645.0,18489.0,14421.0,40464.0,0.7436,0.8718,0.6078,1,1158.0,13509.0,2196.0,10629.0,2196.0,51300,20.0,53599.0,62311.0,0.2,11521.0,,51607,62294.9,0.319,15491.0,17658.0,0.856
2686,Pacific Northwest College of Art,Portland,OR,3,11.0,0.9753,651.0,645.0,384.0,42768.0,42768.0,0.3571,0.593,0.2571,1,1200.0,17156.0,2850.0,17156.0,2850.0,37400,10.0,25587.0,39118.0,0.1,6773.0,,47348,63108.93,0.618,12136.0,21887.0,0.5361
2687,Pacific University,Forest Grove,OR,3,21.0,0.9104,650.0,660.0,1638.0,50070.0,50070.0,0.7077,0.8046,0.6367,1,1050.0,13892.0,1800.0,9428.0,1800.0,51400,10.0,56045.0,60287.0,0.22,8507.0,,64458,64591.02,0.8407,11503.0,25392.0,0.822
2694,Portland State University,Portland,OR,3,11.0,0.9843,640.0,610.0,15674.0,10386.0,29286.0,0.5381,0.757,0.2881,1,1200.0,13500.0,3210.0,13500.0,3210.0,50800,19.0,51038.0,59725.0,0.12,10304.0,,25986,62889.32,0.3637,9642.0,10003.0,0.7556
2695,University of Portland,Portland,OR,3,11.0,0.8119,690.0,670.0,3565.0,49864.0,49864.0,0.8077,0.8991,0.7365,1,750.0,14608.0,2454.0,10036.0,2788.0,62500,11.0,72178.0,83801.0,0.32,9297.0,,90442.5,67900.72,0.3865,14188.0,23803.0,0.8764
2696,Reed College,Portland,OR,3,11.0,0.4381,651.0,645.0,1521.0,62730.0,62730.0,0.7266,0.876,0.6067,1,1050.0,15640.0,1550.0,11690.0,1550.0,52700,9.0,53905.0,50246.0,0.35,10099.0,,93231,71777.6,0.3836,27013.0,36939.0,0.852
2698,Southern Oregon University,Ashland,OR,3,22.0,0.897,630.0,600.0,3208.0,11142.0,28962.0,0.4103,0.6919,0.2833,1,999.0,15066.0,1500.0,11501.0,1500.0,43400,20.0,44888.0,50409.0,0.11,9106.0,,32578,54749.32,0.327,8758.0,8027.0,0.6851
2702,Warner Pacific University,Portland,OR,3,11.0,0.7562,651.0,645.0,406.0,19860.0,19860.0,0.3375,0.6875,0.2597,1,160.0,9472.0,2686.0,11520.0,3008.0,45200,6.0,51568.0,56388.0,0.09,5808.0,,35115,63798.34,0.694,7620.0,17660.0,0.6855
2703,Corban University,Salem,OR,3,12.0,0.375,605.0,560.0,861.0,34756.0,34756.0,0.6436,0.7083,0.562,1,1000.0,10616.0,4000.0,12000.0,4000.0,40200,12.0,40779.0,56778.0,0.23,6579.0,,67205,61069.68,0.5725,3900.0,9967.0,0.746
2706,Willamette University,Salem,OR,3,12.0,0.7962,651.0,645.0,1186.0,44234.0,44234.0,0.7198,0.8019,0.6564,1,1042.0,13480.0,1350.0,13480.0,1350.0,57900,12.0,54588.0,63641.0,0.27,10969.0,,73572,68135.42,0.4647,16095.0,23880.0,0.8098
2707,Western Oregon University,Monmouth,OR,3,31.0,0.9157,651.0,645.0,3524.0,10269.0,29709.0,0.4834,0.6547,0.2748,1,1200.0,10803.0,2460.0,10146.0,2460.0,43400,12.0,46144.0,55751.0,0.12,6984.0,,41710,59410.15,0.7641,9312.0,7589.0,0.6817
2708,University of Western States,Portland,OR,3,11.0,,651.0,645.0,0.0,,,,,,1,,13463.14,2971.71,12642.0,3081.25,54600,7.0,37645.0,,0.1,7064.0,,8829,62894.03,0.0,8905.0,26418.0,
2993,Augustana University,Sioux Falls,SD,3,12.0,0.7182,640.0,660.0,1658.0,35914.0,35914.0,0.7057,0.8391,0.5695,1,1000.0,8858.0,6500.0,9500.0,8700.0,49500,11.0,49816.0,60469.0,0.23,6810.0,,83402.5,60196.68,0.5999,12438.0,15473.0,0.8393
2995,Black Hills State University,Spearfish,SD,3,32.0,0.9725,580.0,570.0,2042.0,9000.0,12100.0,0.4248,0.6135,0.2626,1,1200.0,7400.0,4500.0,7400.0,4500.0,40500,17.0,39048.0,47045.0,0.14,7283.0,,51046,49477.45,0.3566,6211.0,6535.0,0.6328
2996,Dakota State University,Madison,SD,3,32.0,0.8561,635.0,610.0,1910.0,9633.0,12735.0,0.4675,0.7211,0.2844,1,1200.0,7148.0,4874.0,7433.0,5807.0,43100,18.0,40568.0,53359.0,0.13,8564.0,,50856.5,52093.19,0.4058,8651.0,7800.0,0.7175
2997,Dakota Wesleyan University,Mitchell,SD,3,33.0,0.7574,550.0,550.0,654.0,30880.0,30880.0,0.5486,0.7126,0.4425,1,1200.0,7350.0,1850.0,9000.0,2000.0,40900,12.0,48085.0,52255.0,0.15,6148.0,,68742.5,47601.81,0.904,5969.0,12427.0,0.7031
3002,Mount Marty University,Yankton,SD,3,33.0,0.6737,540.0,510.0,666.0,29980.0,29980.0,0.61,0.6078,0.49,1,1200.0,8554.0,4482.0,8554.0,5202.0,39400,12.0,41702.0,49391.0,0.1,7167.0,,57420,49528.49,0.3749,7334.0,10878.0,0.6716
3003,National American University-Rapid City,Rapid City,SD,3,13.0,,651.0,645.0,937.0,15660.0,15660.0,0.1053,0.25,0.125,1,0.0,12545.409971181556,3477.6961671469735,12213.0,954.0,39500,6.0,35826.0,47142.0,0.03,,,17982,60277.72,0.5868,2132.0,13185.0,0.25
3004,Kairos University,Sioux Falls,SD,3,12.0,0.6207,651.0,645.0,36.0,3600.0,3600.0,,0.8,,1,1000.0,12545.409971181556,3477.6961671469735,15000.0,2500.0,,2.0,,,,5179.0,,PrivacySuppressed,PrivacySuppressed,0.0,3084.0,5632.0,0.8
3005,Northern State University,Aberdeen,SD,3,33.0,0.7982,600.0,590.0,1344.0,8845.0,11947.0,0.4757,0.6842,0.3697,1,1200.0,9150.0,4300.0,9150.0,4300.0,37300,16.0,40635.0,49597.0,0.13,7502.0,,52170,48289.97,0.2739,9854.0,5375.0,0.7224
3007,Presentation College,Aberdeen,SD,3,33.0,0.9373,560.0,540.0,547.0,22006.0,22006.0,0.3465,0.5065,0.3061,1,1704.0,10430.0,3506.0,10179.0,3506.0,38100,11.0,42432.0,68662.0,0.11,5074.0,,48982,47349.48,0.6756,6803.0,14268.0,0.5068
3009,South Dakota School of Mines and Technology,Rapid City,SD,3,13.0,0.8048,665.0,690.0,1976.0,12110.0,16530.0,0.5231,0.7036,0.2404,1,2060.0,8140.0,4400.0,10760.0,4400.0,62400,11.0,59222.0,75625.0,0.25,9844.0,,76508,52423.4,0.4688,11960.0,8714.0,0.7437
3010,South Dakota State University,Brookings,SD,3,33.0,0.8743,600.0,620.0,8651.0,9299.0,12809.0,0.5955,0.7986,0.4152,1,1200.0,8054.0,4063.0,9025.0,4780.0,50200,17.0,47108.0,58219.0,0.21,8860.0,,73000,53049.11,0.4901,8746.0,8708.0,0.8043
3011,Sinte Gleska University,Mission,SD,3,43.0,,651.0,645.0,688.0,3154.0,3154.0,0.0,0.3333,0.0,1,1000.0,12545.409971181556,3477.6961671469735,10000.0,7000.0,20500,16.0,24768.0,19293.0,,3753.0,,3684,30228.1,0.0,3764.0,1138.0,0.7778
3012,University of Sioux Falls,Sioux Falls,SD,3,12.0,0.7665,651.0,645.0,1306.0,19900.0,19900.0,0.5766,0.7383,0.4672,1,1000.0,7930.0,3840.0,9415.0,4285.0,44800,17.0,46152.0,56476.0,0.21,6611.0,,62319,57493.05,0.6913,5359.0,11794.0,0.7664
3017,University of South Dakota,Vermillion,SD,3,32.0,0.8701,640.0,650.0,5328.0,9432.0,12942.0,0.601,0.7733,0.4277,1,1200.0,8600.0,4625.0,9013.0,6012.0,49500,14.0,46244.0,55575.0,0.15,8332.0,,64843.5,53799.09,0.4677,10574.0,8289.0,0.791
3286,Brigham Young University,Provo,UT,3,12.0,0.5918,720.0,720.0,31642.0,6120.0,6120.0,0.7675,0.8921,0.2493,1,912.0,8048.0,5066.0,8048.0,5066.0,71500,21.0,29213.0,96443.0,0.36,12004.0,,46790,64914.81,0.1144,14980.0,5405.0,0.9044
3287,Brigham Young University-Hawaii,Laie,HI,3,31.0,0.8769,650.0,610.0,2861.0,6068.0,6068.0,0.7107,0.624,0.3046,1,1310.0,8034.0,6455.0,4800.0,6455.0,49100,16.0,28233.0,68474.0,0.25,10015.0,,39517,69190.39,0.0805,12769.0,3265.0,0.6315
3292,Utah Tech University,Saint George,UT,3,13.0,,651.0,645.0,8796.0,5862.0,16986.0,0.3789,0.5886,0.1488,1,800.0,7200.0,6782.0,7200.0,6782.0,41400,22.0,29907.0,57391.0,0.15,7304.0,,35331,56462.47,0.1936,3800.0,5547.0,0.5915
3296,Eagle Gate College-Murray,Murray,UT,3,21.0,,651.0,645.0,285.0,17112.0,17112.0,0.3968,0.52,0.4516,1,0.0,9144.4,4284.6,10336.0,9000.0,31600,27.0,31780.0,44454.0,0.05,6053.0,,22815,64280.58,0.7992,6878.0,19753.0,0.6136
3300,Southern Utah University,Cedar City,UT,3,33.0,0.8873,640.0,600.0,9297.0,6726.0,20542.0,0.5472,0.7346,0.2942,1,1600.0,7500.0,4800.0,7500.0,4800.0,45500,23.0,33835.0,66041.0,0.21,7545.0,,41064,55546.63,0.526,6611.0,7323.0,0.7294
3302,Utah State University,Logan,UT,3,13.0,0.9263,660.0,650.0,20516.0,8960.0,24080.0,0.5578,0.7361,0.2936,1,836.0,8076.0,4072.0,8300.0,4072.0,49600,21.0,34479.0,70498.0,0.23,9658.0,,42950.5,60534.36,0.2221,10909.0,6662.0,0.7347
3305,University of Utah,Salt Lake City,UT,3,12.0,0.9497,690.0,700.0,24850.0,8893.0,28345.0,0.672,0.8663,0.3587,1,1036.0,10662.0,3672.0,12978.0,3672.0,63500,18.0,49195.0,77191.0,0.21,11146.0,,38625,69474.52,0.2371,16497.0,12602.0,0.8761
3307,Westminster College,Salt Lake City,UT,3,12.0,0.7573,680.0,670.0,1153.0,39200.0,39200.0,0.6331,0.8523,0.5168,1,1000.0,10600.0,3975.0,14189.0,4236.0,58100,8.0,54938.0,70434.0,0.23,8011.0,,56805,70649.66,0.4215,12953.0,17998.0,0.7664
3413,Central Washington University,Ellensburg,WA,3,32.0,0.8845,651.0,645.0,9508.0,8685.0,25213.0,0.5363,0.6858,0.3232,1,900.0,13938.0,2922.0,9741.0,2922.0,50100,15.0,52966.0,67299.0,0.16,8941.0,,42459,63170.67,0.3793,9174.0,7032.0,0.6963
3415,City University of Seattle,Seattle,WA,3,11.0,,651.0,645.0,1004.0,,,,,,1,,13681.5,3241.75,13948.8,3342.2,53400,6.0,61319.0,74386.0,0.11,6823.0,,32049,67486.66,0.1837,8983.0,22738.0,
3420,Cornish College of the Arts,Seattle,WA,3,11.0,0.6381,651.0,645.0,428.0,35486.0,35486.0,0.5112,0.7083,0.4663,1,1800.0,13416.0,2800.0,13416.0,2800.0,33600,7.0,38256.0,39455.0,0.15,6545.0,,58476,69763.39,0.6494,18024.0,31116.0,0.6403
3422,Eastern Washington University,Cheney,WA,3,31.0,0.9707,651.0,645.0,7589.0,7922.0,25748.0,0.4962,0.6685,0.2649,1,942.0,13060.0,3132.0,10500.0,3525.0,46700,20.0,51339.0,60398.0,0.16,9399.0,,38218.5,56952.77,0.6182,7844.0,7398.0,0.6906
3426,The Evergreen State College,Olympia,WA,3,22.0,0.9946,630.0,570.0,1819.0,8529.0,29172.0,0.4323,0.6652,0.3229,1,900.0,13149.0,3525.0,13149.0,3525.0,36900,14.0,40885.0,45150.0,0.13,8267.0,,22200,63843.36,0.4322,10947.0,6958.0,0.6337
3429,Gonzaga University,Spokane,WA,3,12.0,0.7615,690.0,690.0,4962.0,48470.0,48470.0,0.8511,0.92,0.7541,1,1212.0,13192.0,3787.0,10887.0,3787.0,63800,11.0,70656.0,86875.0,0.33,10231.0,,110000,67848.44,0.3926,11286.0,22492.0,0.9212
3433,Heritage University,Toppenish,WA,3,41.0,,651.0,645.0,805.0,18500.0,18500.0,0.5333,0.7188,0.2941,1,942.0,12675.33,3130.9,10650.0,3983.0,36800,9.0,44178.0,48652.0,0.09,7062.0,,26087,46851.84,0.4022,11487.0,16154.0,0.7922
3436,Bastyr University,Kenmore,WA,3,21.0,,651.0,645.0,67.0,,,,,,1,,12675.33,3130.9,11868.89,3261.01,44500,10.0,50057.0,,0.1,6936.0,,18650.5,70371.36,0.5688,21684.0,28637.0,
3443,Northwest University,Kirkland,WA,3,21.0,0.9598,620.0,590.0,754.0,33980.0,33980.0,0.5813,0.7673,0.5271,1,930.0,9700.0,2710.0,9700.0,2710.0,46300,11.0,43698.0,64619.0,0.22,7030.0,,46713.5,71872.75,0.6444,12322.0,19300.0,0.8023
3446,Pacific Lutheran University,Tacoma,WA,3,21.0,0.8839,693.0,683.0,2331.0,48226.0,48226.0,0.6938,0.7853,0.5922,1,942.0,11482.0,2913.0,11482.0,2913.0,53500,11.0,55287.0,68186.0,0.22,7951.0,,59189,65366.76,0.4689,9074.0,19645.0,0.7921
3448,University of Puget Sound,Tacoma,WA,3,12.0,0.883,700.0,670.0,1866.0,55670.0,55670.0,0.7423,0.8799,0.6718,1,1000.0,13950.0,2514.0,13950.0,2514.0,59100,9.0,60976.0,71046.0,0.29,10904.0,,90104.5,72356.02,0.4183,18742.0,24622.0,0.8076
3450,Saint Martin's University,Lacey,WA,3,13.0,0.7162,635.0,590.0,1347.0,40690.0,40690.0,0.6089,0.7951,0.5084,1,1000.0,12850.0,3000.0,10773.0,3000.0,51600,11.0,55325.0,66713.0,0.15,6626.0,,41889,61347.58,0.5323,8600.0,18814.0,0.7769
3453,Seattle Pacific University,Seattle,WA,3,11.0,0.9195,660.0,640.0,2611.0,35646.0,35646.0,0.6594,0.8187,0.556,1,942.0,13404.0,3774.0,13404.0,3774.0,54200,13.0,58066.0,69268.0,0.25,8706.0,,62276,72206.46,0.5448,13320.0,21214.0,0.793
3454,Seattle University,Seattle,WA,3,11.0,0.8212,660.0,670.0,4233.0,49335.0,49335.0,0.749,0.8509,0.6522,1,1200.0,13035.0,3600.0,13035.0,3600.0,63200,11.0,71943.0,77365.0,0.3,9842.0,,74787.5,70785.55,0.4943,14523.0,27243.0,0.8343
3463,Walla Walla University,College Place,WA,3,23.0,,651.0,645.0,1316.0,30531.0,30531.0,0.6389,0.7714,0.3657,1,942.0,8358.0,2040.0,8358.0,2040.0,50900,13.0,53285.0,60549.0,0.23,5523.0,,65228.5,59374.31,0.5191,11454.0,7847.0,0.7738
3464,Washington State University,Pullman,WA,3,32.0,0.8577,651.0,645.0,23966.0,12417.0,27733.0,0.5955,0.8087,0.3734,1,960.0,11848.0,3542.0,11848.0,3542.0,56600,15.0,59446.0,72473.0,0.2,10401.0,,44850,63710.0,0.3237,9617.0,10674.0,0.807
3465,University of Washington-Seattle Campus,Seattle,WA,3,11.0,0.5348,651.0,645.0,31367.0,12076.0,39906.0,0.8388,0.93,0.7052,1,900.0,14871.0,2793.0,14871.0,2793.0,69600,21.0,67936.0,82898.0,0.3,13684.0,,39205,69752.4,0.1916,32369.0,19472.0,0.9304
3467,Western Washington University,Bellingham,WA,3,13.0,0.961,670.0,640.0,13933.0,8703.0,25930.0,0.677,0.8072,0.429,1,1011.0,13080.0,3840.0,13080.0,3840.0,50600,17.0,54409.0,66828.0,0.24,10753.0,,51312,66707.46,0.288,11628.0,7758.0,0.7981
3469,Whitman College,Walla Walla,WA,3,13.0,0.5895,725.0,730.0,1539.0,55982.0,55982.0,0.8874,0.8885,0.783,1,1400.0,13800.0,800.0,13800.0,800.0,59400,9.0,64541.0,64309.0,0.4,9376.0,,98863,70542.39,0.3618,20505.0,25008.0,0.7853
3470,Whitworth University,Spokane,WA,3,21.0,0.9146,640.0,640.0,2293.0,47590.0,47590.0,0.7539,0.7876,0.6403,1,936.0,12500.0,3613.0,10647.0,3613.0,48000,11.0,51777.0,65689.0,0.25,7735.0,,63155,63739.65,0.5604,10063.0,17979.0,0.7989
3582,University of Wyoming,Laramie,WY,3,33.0,0.9678,651.0,645.0,8700.0,6277.0,20827.0,0.6023,0.7636,0.3702,1,1200.0,11144.0,3184.0,11144.0,3184.0,54200,14.0,47755.0,60998.0,0.18,9830.0,,54733.5,56061.18,0.2726,16662.0,6490.0,0.7812
3656,Stanford University,Stanford,CA,3,21.0,0.0395,770.0,800.0,7645.0,56169.0,56169.0,0.9552,0.9826,0.772,1,1305.0,17860.0,3564.0,15000.97,4615.17,141300,5.0,85898.0,134350.0,0.45,21334.0,,44842,80275.59,0.043,124493.0,25894.0,0.9183
3669,St. John's College,Santa Fe,NM,3,41.0,0.6272,750.0,720.0,368.0,35710.0,35710.0,0.7162,0.7188,0.6351,1,700.0,14278.0,1000.0,14278.0,1000.0,41400,7.0,45246.0,39574.0,0.1,8608.0,,43212,73387,0.4254,15350.0,12316.0,0.7029
3671,Antioch University-Los Angeles,Culver City,CA,3,21.0,,651.0,645.0,102.0,,,,,,1,,14498.5,3342.06,15000.97,4615.17,41800,3.0,41333.0,49796.0,0.07,6478.0,,22455,65831.57,0.5176,10544.0,22426.0,
3672,Antioch University-Santa Barbara,Santa Barbara,CA,3,13.0,,651.0,645.0,48.0,,,,,,1,,16034.5,3343.5,11176.5,4068.5,41800,4.0,41333.0,49796.0,0.07,6305.0,,22455,65831.57,0.4861,7615.0,16198.0,
3729,Platt College-Aurora,Greenwood Village,CO,3,21.0,0.5833,651.0,645.0,222.0,20590.0,20590.0,0.5,0.7143,0.5,1,1920.0,12373.17,3136.93,13824.0,6082.0,31900,11.0,69438.0,,0.1,6333.0,,30000,77904.9,0.7511,7135.0,16619.0,0.6667
3741,University of Massachusetts Global,Irvine,CA,3,11.0,0.9286,651.0,645.0,5019.0,12480.0,12480.0,0.0,0.1875,0.0,1,1125.0,14498.5,3342.06,17253.0,4761.0,PrivacySuppressed,22.0,61568.0,73209.0,0.09,9402.0,,30485,,0.3284,4067.0,14888.0,0.1875
3743,Montana Bible College,Bozeman,MT,3,41.0,,651.0,645.0,0.0,9425.0,9425.0,,,,1,300.0,4800.0,1400.0,6600.0,1400.0,,,,,,,,,,,,,
3760,University of Advancing Technology,Tempe,AZ,3,12.0,0.9118,651.0,645.0,851.0,18966.0,18966.0,0.3579,0.6111,0.3,1,0.0,9600.0,800.0,10800.0,5500.0,57700,13.0,44558.0,48985.0,0.07,6015.0,,32361.5,65222,0.706,3395.0,16158.0,0.5964
3803,California State University-San Marcos,San Marcos,CA,3,21.0,0.933,651.0,645.0,14937.0,7727.0,19607.0,0.5916,0.7903,0.1856,1,1118.0,13150.0,2658.0,10191.0,3330.0,51100,25.0,56640.0,66032.0,0.2,10031.0,,31282.5,72827.06,0.2652,6895.0,5713.0,0.8131
3900,Northwest College of Art & Design,Tacoma,WA,3,12.0,0.7192,651.0,645.0,103.0,18100.0,18100.0,0.3793,0.6571,0.3103,1,837.0,12675.33,3130.9,9467.0,3133.0,32200,31.0,34673.0,,,,,49729,71291.8,0.6238,5370.0,19298.0,0.6896
3901,University of Washington-Bothell Campus,Bothell,WA,3,21.0,0.8302,651.0,645.0,5432.0,11950.0,39780.0,0.6627,0.8787,0.4571,1,900.0,14154.0,3873.0,14154.0,3873.0,69600,22.0,67936.0,82898.0,0.3,11638.0,,39205,69752.4,0.2403,5641.0,3394.0,0.8823
3902,University of Washington-Tacoma Campus,Tacoma,WA,3,12.0,0.8289,651.0,645.0,4313.0,12196.0,40026.0,0.5826,0.7462,0.4509,1,900.0,13194.0,3360.0,13194.0,3360.0,69600,16.0,67936.0,82898.0,0.3,10778.0,,39205,69752.4,0.3155,6606.0,3974.0,0.7739
3919,Provo College,Provo,UT,3,12.0,,651.0,645.0,681.0,17112.0,17112.0,0.4466,0.5862,0.0,1,0.0,9144.4,4284.6,10336.0,9000.0,26800,25.0,30388.0,44658.0,0.11,6629.0,,24784,61675.07,0.8618,7569.0,26946.0,0.6936
3981,Soka University of America,Aliso Viejo,CA,3,21.0,0.5241,645.0,755.0,435.0,34166.0,34166.0,0.9055,0.9412,0.8819,1,1124.0,13032.0,2774.0,17252.0,4556.0,PrivacySuppressed,7.0,52753.0,58285.0,0.1,12500.0,,44001,79623.38,0.324,39352.0,5222.0,0.9286
3985,World Mission University,Los Angeles,CA,3,11.0,,651.0,645.0,179.0,6440.0,6440.0,1.0,0.4737,0.0,1,600.0,14865.12,3519.62,9081.0,5904.0,PrivacySuppressed,7.0,,,,5002.0,,13380,62541,0.0393,5187.0,9097.0,0.6364
4051,California State University-Monterey Bay,Seaside,CA,3,22.0,0.9281,651.0,645.0,6588.0,7218.0,19098.0,0.6015,0.8129,0.3251,1,822.0,10895.0,2533.0,15167.0,3223.0,47000,23.0,52301.0,58488.0,0.17,9945.0,,28759,70802.17,0.2831,9094.0,5557.0,0.8128
4170,University of Phoenix-Hawaii,Kapolei,HI,3,21.0,,651.0,645.0,55.0,,,0.1333,,0.0667,1,,11739.67,3773.5,16104.0,4936.0,54900,9.0,33878.0,48310.0,0.04,,,18602,62086.89,0.3178,1408.0,11546.0,0.4
4189,Arizona College of Nursing-Tempe,Tempe,AZ,3,12.0,1.0,651.0,645.0,1094.0,23066.0,23066.0,,0.8667,,1,,9933.75,4682.38,10339.0,8807.0,26400,20.0,30586.0,33457.0,0.06,7305.0,,17322.5,55688.05,0.8195,4731.0,20424.0,0.8667
4258,American University of Health Sciences,Signal Hill,CA,3,21.0,,651.0,645.0,369.0,22975.0,22975.0,0.0,,0.0,1,1500.0,14498.5,3342.06,15336.0,4232.0,37800,16.0,91624.0,65297.0,0.2,11412.0,,31654,58092.74,0.8669,10707.0,31136.0,0.75
4265,Western Governors University,Salt Lake City,UT,3,21.0,,651.0,645.0,107952.0,7452.0,7452.0,0.6361,0.63,0.5475,1,200.0,10103.33,3687.67,6000.0,1000.0,48100,42.0,45516.0,71624.0,0.16,5693.0,,46441.5,62039.21,0.4471,2824.0,7231.0,0.6563
4266,California Aeronautical University,Bakersfield,CA,3,21.0,,651.0,645.0,292.0,30331.0,30331.0,0.4375,0.6667,,1,0.0,7500.0,3192.0,13419.0,4578.0,33400,7.0,32442.0,47220.0,,5237.0,,22891,65732.08,0.8427,21783.0,48613.0,0.7253
4298,International Baptist College and Seminary,Chandler,AZ,3,11.0,,651.0,645.0,46.0,12900.0,12900.0,0.6667,1.0,0.0,1,1000.0,7000.0,7011.0,9747.0,7011.0,PrivacySuppressed,4.0,,,,2754.0,,31665,55892.77,0.12,6019.0,8628.0,0.8095
4309,Linfield University-School of Nursing,Portland,OR,3,11.0,,651.0,645.0,343.0,,,,,,1,,13463.14,2971.71,12642.0,3081.25,60300,9.0,67620.0,74327.0,0.23,7803.0,,61012,64098.01,0.9029,10929.0,18720.0,
4310,Linfield University-Online and Continuing Education,McMinnville,OR,3,32.0,,651.0,645.0,130.0,,,,,,1,,13200.0,1950.0,13200.0,1950.0,60300,5.0,67620.0,74327.0,0.23,10230.0,,61012,64098.01,0.4593,9632.0,16499.0,
4368,New Saint Andrews College,Moscow,ID,3,32.0,,651.0,645.0,182.0,13950.0,13950.0,0.625,0.7778,0.1818,1,1400.0,12545.409971181556,3477.6961671469735,4000.0,1650.0,,14.0,,,,4576.0,,,,,5903.0,9698.0,0.75
4372,National American University-Ellsworth,Box Elder,SD,3,31.0,,651.0,645.0,41.0,6675.0,6675.0,,,,1,0.0,12545.409971181556,3477.6961671469735,12213.0,954.0,39500,15.0,35826.0,47142.0,0.03,,,17982,60277.72,0.0339,849.0,8526.0,1.0
4376,Oregon State University-Cascades Campus,Bend,OR,3,13.0,0.8581,680.0,660.0,1039.0,11037.0,31452.0,0.5,0.7563,0.5,1,600.0,13860.0,2754.0,13860.0,2754.0,56700,10.0,52655.0,69532.0,0.19,11201.0,,44450,60312.67,0.3527,3669.0,4129.0,0.7464
4414,Nevada State College,Henderson,NV,3,41.0,0.7902,651.0,645.0,4110.0,6075.0,19440.0,0.2851,0.764,0.0868,1,1300.0,11363.83,4176.5,10830.0,6446.0,PrivacySuppressed,18.0,52006.0,53789.0,0.08,7531.0,,31751.5,,0.1588,4574.0,3506.0,0.775
4415,California State University-Channel Islands,Camarillo,CA,3,22.0,0.93,651.0,645.0,6459.0,6817.0,18697.0,0.5809,0.8162,0.2331,1,1104.0,16300.0,3680.0,19056.0,4556.0,51900,20.0,54830.0,61491.0,0.17,10151.0,,27978,78662.36,0.2335,8059.0,4401.0,0.8252
4441,Birthingway College of Midwifery,Beaverton,OR,3,13.0,,651.0,645.0,3.0,,,,,,1,,12777.53,2700.02,12198.61,2762.71,PrivacySuppressed,1.0,,,,,,7260,65518.03,0.2857,10770.0,31825.0,
4446,Faith International University,Tacoma,WA,3,12.0,,651.0,645.0,139.0,11250.0,11250.0,0.25,0.5714,0.125,1,900.0,12675.33,3130.9,7660.0,3720.0,PrivacySuppressed,9.0,,53278.0,,3788.0,,34426,60716.89,0.2676,2086.0,5950.0,0.6
4462,West Coast University-Los Angeles,North Hollywood,CA,3,11.0,,651.0,645.0,2581.0,35178.0,35178.0,0.8333,0.625,0.8333,1,1803.0,14498.5,3342.06,9520.0,8290.0,67700,21.0,96728.0,111735.0,0.15,8855.0,,29657,63221.34,0.8839,10286.0,33201.0,0.7143
4465,DigiPen Institute of Technology,Redmond,WA,3,13.0,0.4602,700.0,690.0,1129.0,34900.0,34900.0,0.5699,0.7296,0.4404,1,1452.0,11000.0,2720.0,11000.0,2720.0,82400,11.0,55992.0,101873.0,0.25,8918.0,,61196,70283.94,0.4901,10094.0,27101.0,0.7674
4482,Brookline College-Albuquerque,Albuquerque,NM,3,11.0,,651.0,645.0,556.0,,,0.5211,0.5294,0.2222,1,,10396.0,4230.0,10396.0,4230.0,23700,18.0,26057.0,31027.0,0.06,7332.0,5.0,15003.5,50758.42,0.7614,4161.0,18358.0,0.7761
4484,Northcentral University,San Diego,CA,3,11.0,,651.0,645.0,158.0,,,,,,1,,15625.33,2962.0,14221.1,5106.6,PrivacySuppressed,1.0,,,,6595.0,,21114,63198.11,0.2614,3828.0,18406.0,
4493,ATI College-Whittier,Whitter,CA,3,21.0,,651.0,645.0,105.0,,,0.9,0.7,,1,,14498.5,3342.06,15000.97,4615.17,PrivacySuppressed,20.0,33042.0,42905.0,,5893.0,3.0,19273.5,61267,0.75,5000.0,9818.0,0.8636
4515,Nightingale College,Salt Lake City,UT,3,12.0,,651.0,645.0,2273.0,,,0.4884,0.4722,,1,,10103.33,3687.67,11000.6,4305.6,PrivacySuppressed,12.0,23709.0,,0.1,5706.0,3.0,32415.5,60498.27,0.7668,4160.0,13645.0,0.4812
4524,American InterContinental University,Chandler,AZ,3,41.0,,651.0,645.0,11094.0,12418.0,12418.0,0.1179,0.2127,0.0801,1,,9933.75,4682.38,6765.0,1303.0,45200,38.0,32528.0,46941.0,0.03,5958.0,,12480,58772.86,0.6546,1376.0,12559.0,0.2391
4527,University of California-Merced,Merced,CA,3,41.0,0.866,651.0,645.0,8321.0,13657.0,43411.0,0.7165,0.7876,0.4789,1,1073.0,18901.0,4603.0,9022.0,5118.0,PrivacySuppressed,19.0,57397.0,71532.0,0.22,12256.0,,33931,,0.2511,11615.0,9491.0,0.827
4539,Neumont College of Computer Science,Salt Lake City,UT,3,12.0,0.9054,651.0,645.0,517.0,25995.0,25995.0,0.54,0.7026,0.4867,1,1200.0,9048.0,3416.0,7712.0,3416.0,75100,29.0,,,,10053.0,,43318,65341.88,0.8866,4108.0,16195.0,0.7302
4541,Roseman University of Health Sciences,Henderson,NV,3,11.0,,651.0,645.0,559.0,,,,,,1,,11363.83,4176.5,13021.0,6999.0,PrivacySuppressed,10.0,102594.0,116356.0,0.2,10601.0,,26431.5,,0.6847,18528.0,48265.0,
4570,Los Angeles College of Music,Pasadena,CA,3,12.0,0.8299,651.0,645.0,251.0,25650.0,25650.0,0.7308,0.74,0.5294,1,1125.0,14498.5,3342.06,17253.0,4761.0,PrivacySuppressed,5.0,,33397.0,,4300.0,,26132,65564.04,0.3534,7902.0,18552.0,0.6666
4584,United States University,San Diego,CA,3,11.0,,651.0,645.0,175.0,6480.0,6480.0,0.0,0.0,0.0,1,1971.0,15625.33,2962.0,6319.0,1884.0,PrivacySuppressed,15.0,72937.0,99247.0,0.05,7304.0,,16957,63190.95,0.0244,2811.0,11322.0,0.0
4590,Eagle Gate College-Layton,Layton,UT,3,21.0,,651.0,645.0,230.0,17112.0,17112.0,0.5354,0.6,0.4375,1,0.0,9144.4,4284.6,10336.0,9000.0,31600,21.0,31780.0,44454.0,0.05,7230.0,,22815,64280.58,0.865,5899.0,20490.0,0.8511
4592,SAE Expression College,Emeryville,CA,3,21.0,,651.0,645.0,253.0,23599.0,23599.0,0.5303,0.5,0.2615,1,0.0,14498.5,3342.06,11088.0,954.0,56700,15.0,50020.0,50754.0,0.1,7404.0,,25200,77113.97,0.75,8506.0,33531.0,0.6429
4618,SUM Bible College and Theological Seminary,El Dorado Hills,CA,3,41.0,1.0,651.0,645.0,416.0,10540.0,10540.0,0.2389,0.9412,0.2212,1,900.0,7380.0,4746.0,13293.0,4746.0,PrivacySuppressed,23.0,,,,5000.0,,29345,,0.6508,3083.0,6244.0,0.7212
4629,Careers Unlimited,Orem,UT,3,13.0,,651.0,645.0,117.0,,,,,,1,,9144.4,4284.6,9885.61,5882.9,PrivacySuppressed,12.0,24175.0,,0.2,12421.0,1.0,33667,,0.743,5535.0,16609.0,
4686,University of the West,Rosemead,CA,3,21.0,,651.0,645.0,77.0,13604.0,13604.0,0.5,0.6667,0.0,1,1126.0,9108.0,3380.0,17253.0,4761.0,,3.0,,,,7051.0,,17815,,0.3091,14821.0,17482.0,0.4459
4785,Chamberlain University-Arizona,Phoenix,AZ,3,11.0,0.3636,651.0,645.0,797.0,19982.0,19982.0,0.6667,0.75,0.6667,1,600.0,7800.0,5700.0,15216.0,7468.0,60400,11.0,81360.0,87181.0,0.1,7955.0,,46046,63402.27,0.7628,6443.0,25401.0,0.7143
4794,Taft University System,Lakewood,CO,3,12.0,,651.0,645.0,3.0,,,,,,1,,11194.0,500.0,9719.0,1650.0,,15.0,,,,13934.0,,16789,,0.0,782.0,5517.0,
4804,Aspen University,Phoenix,AZ,3,11.0,,651.0,645.0,6299.0,5110.0,5110.0,,0.3654,,1,1400.0,7800.0,5700.0,10488.0,1248.0,,9.0,,,,5864.0,,19054,,0.1472,1750.0,8112.0,0.4628
4806,Denver College of Nursing,Denver,CO,3,11.0,,651.0,645.0,1046.0,,,,,,1,,13808.67,4156.33,12880.5,4637.25,PrivacySuppressed,16.0,71248.0,,0.19,6160.0,,29692,,0.6869,5166.0,16153.0,
4848,The Chicago School of Professional Psychology at Los Angeles,Los Angeles,CA,3,11.0,0.3662,651.0,645.0,223.0,12712.0,12712.0,,0.5,,1,2184.0,14865.12,3519.62,18536.0,8568.0,,5.0,57972.0,65376.0,,7533.0,,18495,PrivacySuppressed,0.7802,10428.0,33368.0,0.5
4853,Providence Christian College,Pasadena,CA,3,12.0,0.825,651.0,645.0,123.0,33396.0,33396.0,0.4167,0.619,0.35,1,1000.0,10838.0,6136.0,9416.0,6136.0,PrivacySuppressed,10.0,,,,6646.0,,63909,,0.7107,7230.0,27492.0,0.5357
4925,Pacific Rim Christian University,Honolulu,HI,3,11.0,,651.0,645.0,107.0,12380.0,12380.0,0.5556,0.7778,0.4286,1,850.0,8700.0,4600.0,6960.0,4653.0,,7.0,,,,,,27346,,0.7073,2386.0,12238.0,0.6364
4971,West Coast University-Orange County,Anaheim,CA,3,11.0,,651.0,645.0,2971.0,22548.0,22548.0,0.5,0.9167,0.5,1,1402.0,14498.5,3342.06,8568.0,7461.0,67700,20.0,96728.0,111735.0,0.15,8836.0,,29657,63221.34,0.8331,7645.0,24678.0,0.8113
4972,West Coast University-Ontario,Ontario,CA,3,12.0,,651.0,645.0,2500.0,35178.0,35178.0,0.5,0.9167,0.5,1,1803.0,14498.5,3342.06,9520.0,8290.0,67700,18.0,96728.0,111735.0,0.15,8544.0,,29657,63221.34,0.9149,10229.0,33019.0,0.9
5025,Touro University Worldwide,Los Alamitos,CA,3,21.0,,651.0,645.0,425.0,14600.0,14600.0,0.5714,0.8462,0.5833,1,1046.0,14498.5,3342.06,17654.0,3282.0,,9.0,,,0.1,6541.0,,22671.5,,0.499,2808.0,11000.0,0.7963
5028,Touro University Nevada,Henderson,NV,3,11.0,,651.0,645.0,55.0,,,,,,1,,11363.83,4176.5,13021.0,6999.0,PrivacySuppressed,8.0,86830.0,83775.0,0.1,9471.0,,31430,,0.175,11869.0,34659.0,
5082,New York Film Academy,Burbank,CA,3,12.0,,651.0,645.0,967.0,34090.0,34090.0,0.595,0.7407,0.5833,1,1000.0,14498.5,3342.06,19800.0,5179.0,,5.0,,,0.07,5816.0,,24424.5,,0.1778,11964.0,29514.0,0.6108
5112,Bergin University of Canine Studies,Penngrove,CA,3,23.0,,651.0,645.0,20.0,,,,,,1,,14498.5,3342.06,15000.97,4615.17,,4.0,,,,4160.0,,23382,,0.2692,16871.0,10997.0,
5148,John Paul the Great Catholic University,Escondido,CA,3,21.0,0.7885,693.0,595.0,292.0,28000.0,28000.0,0.619,0.7077,0.619,1,1905.0,13077.0,4761.0,13077.0,4761.0,,20.0,,,0.1,7242.0,,74361,,0.8029,20095.0,10342.0,0.705
5150,Ottawa University-Surprise,Surprise,AZ,3,21.0,0.3052,550.0,540.0,896.0,33000.0,33000.0,,0.5411,,1,1200.0,15000.0,3400.0,9500.0,3400.0,48100,12.0,46387.0,56018.0,0.08,6183.0,,37231.5,65346.8,0.8085,3308.0,16860.0,0.5087
5175,Los Angeles Pacific University,San Dimas,CA,3,21.0,,651.0,645.0,1363.0,10800.0,10800.0,0.3158,1.0,0.4545,1,1200.0,14498.5,3342.06,15336.0,3744.0,,22.0,,,,7496.0,,,,0.7085,1939.0,12909.0,0.5294
5184,Whitworth University-Adult Degree Programs,Spokane,WA,3,21.0,,651.0,645.0,227.0,,,,,,1,,12139.0,3700.0,10753.0,3700.0,48000,14.0,51777.0,65689.0,0.25,3509.0,,63155,63739.65,0.6527,7586.0,17819.0,
5249,Colorado State University Global,Aurora,CO,3,11.0,0.9603,595.0,645.0,6750.0,8400.0,8400.0,,0.3529,,1,768.0,12373.17,3136.93,10264.0,1008.0,,25.0,,,0.12,5224.0,,38728,,0.3984,2332.0,10501.0,0.4118
5273,Warner Pacific University Professional and Graduate Studies,Portland,OR,3,11.0,,651.0,645.0,251.0,6240.0,6240.0,0.4706,,0.0,1,1680.0,13463.14,2971.71,12288.0,3192.0,45200,10.0,51568.0,56388.0,0.09,6891.0,,35115,63798.34,0.6454,7128.0,16518.0,0.4
5285,California Miramar University,San Diego,CA,3,11.0,0.5652,651.0,645.0,91.0,9994.0,9994.0,0.619,0.6923,0.2778,1,1917.0,15625.33,2962.0,12000.0,4500.0,,13.0,,,,5200.0,,22320,,0.1099,1116.0,8074.0,0.72
5299,Midwives College of Utah,Salt Lake City,UT,3,12.0,0.8182,651.0,645.0,252.0,7719.0,7719.0,0.3333,0.8,0.0,1,875.0,10103.33,3687.67,14124.0,9204.0,,5.0,,,,3777.0,,28631.5,,0.375,1705.0,4859.0,0.6818
5305,Grace Mission University,Fullerton,CA,3,21.0,,651.0,645.0,68.0,3120.0,3120.0,0.5556,1.0,0.1111,1,1200.0,14498.5,3342.06,10305.0,3996.0,,18.0,,,,5179.0,,21455,,0.0,1339.0,5867.0,0.8333
5366,DeVry University-Arizona,Phoenix,AZ,3,11.0,0.5333,651.0,645.0,103.0,17488.0,17488.0,0.3333,,0.2791,1,400.0,7800.0,5700.0,15212.0,7552.0,50300,5.0,38945.0,50260.0,0.05,8804.0,,22648,63213.8,0.6348,5068.0,15521.0,0.7084
5367,DeVry University-California,Ontario,CA,3,12.0,0.4494,651.0,645.0,1457.0,17488.0,17488.0,0.0866,0.7,0.0714,1,400.0,14498.5,3342.06,15212.0,7552.0,50300,16.0,38945.0,50260.0,0.05,8670.0,,22648,63213.8,0.5306,2415.0,9360.0,0.7183
5368,DeVry University-Colorado,Westminster,CO,3,21.0,0.0,651.0,645.0,51.0,17488.0,17488.0,0.75,0.5,0.25,1,400.0,12373.17,3136.93,15212.0,7552.0,50300,7.0,38945.0,50260.0,0.05,6232.0,,22648,63213.8,0.6239,1027.0,3047.0,0.5556
5373,DeVry University-Nevada,Henderson,NV,3,11.0,0.6667,651.0,645.0,29.0,17488.0,17488.0,0.0,,0.0,1,400.0,11363.83,4176.5,15212.0,7552.0,50300,6.0,38945.0,50260.0,0.05,7500.0,,22648,63213.8,0.5429,3330.0,14741.0,0.6
5394,Arizona State University Digital Immersion,Scottsdale,AZ,3,12.0,0.7021,651.0,645.0,42511.0,,,0.2613,,0.1307,1,,9933.75,4682.38,10363.08,5363.39,55500,25.0,53185.0,68098.0,0.17,9934.0,,35851.5,69074.33,0.4826,3738.0,5247.0,
5461,University of Phoenix-Arizona,Phoenix,AZ,3,11.0,,651.0,645.0,63963.0,9552.0,9552.0,0.1368,0.3922,0.0022,1,1360.0,7800.0,5700.0,5850.0,2900.0,54900,92.0,33878.0,48310.0,0.04,7769.0,,18602,62086.89,0.6127,1487.0,12191.0,0.4046
5462,University of Phoenix-California,Ontario,CA,3,12.0,,651.0,645.0,1161.0,,,0.1875,,0.0375,1,,14498.5,3342.06,12366.0,7921.0,54900,11.0,33878.0,48310.0,0.04,15449.0,,18602,62086.89,0.3842,1286.0,10549.0,0.4815
5463,University of Phoenix-Nevada,Las Vegas,NV,3,21.0,,651.0,645.0,78.0,,,0.1667,,0.0,1,,10210.0,4447.0,11834.25,6709.75,54900,7.0,33878.0,48310.0,0.04,,,18602,62086.89,0.4409,1170.0,9592.0,1.0
5466,Minerva University,San Francisco,CA,3,11.0,0.0102,651.0,645.0,604.0,16450.0,16450.0,0.8068,0.9027,0.7614,1,1000.0,11500.0,4000.0,16905.2,4748.6,,12.0,,,,11808.0,,,,0.0,11439.0,11939.0,0.9027
5467,University of West Los Angeles,Inglewood,CA,3,21.0,,651.0,645.0,1.0,,,,,,1,,14498.5,3342.06,15000.97,4615.17,PrivacySuppressed,1.0,,,,6734.0,,,58283.55,0.0,10846.0,37833.0,
5496,California Intercontinental University,Irvine,CA,3,11.0,,651.0,645.0,160.0,10805.0,10805.0,1.0,,1.0,1,3900.0,14498.5,3342.06,7108.0,6562.0,,12.0,,,,5000.0,,10206,,0.1733,2071.0,11173.0,
5538,California Jazz Conservatory,Berkeley,CA,3,12.0,1.0,651.0,645.0,23.0,21900.0,21900.0,1.0,0.5,0.0,1,1126.0,14498.5,3342.06,17254.0,4274.0,,5.0,,,,4432.0,,14192,,0.2571,6338.0,34920.0,0.625
5562,Chamberlain University-Nevada,Las Vegas,NV,3,11.0,1.0,651.0,645.0,543.0,19982.0,19982.0,0.0,0.5,0.0,1,600.0,10210.0,4447.0,15216.0,7468.0,60400,11.0,81360.0,87181.0,0.1,7576.0,,46046,63402.27,0.7874,5767.0,24771.0,0.5
5565,Hussian College-Los Angeles,Los Angeles,CA,3,11.0,0.3287,651.0,645.0,231.0,40600.0,40600.0,0.4884,0.7778,0.4186,1,1200.0,14865.12,3519.62,15560.0,5080.0,36800,12.0,25101.0,33047.0,0.05,5838.0,,55207,71477.63,0.7068,6560.0,21010.0,0.6923
5579,Arizona College of Nursing-Las Vegas,Las Vegas,NV,3,21.0,0.9896,651.0,645.0,946.0,20826.0,20826.0,,0.6667,,1,,10210.0,4447.0,10339.0,8807.0,26400,20.0,30586.0,33457.0,0.06,7400.0,,17322.5,55688.05,0.866,6714.0,25275.0,0.8367
5596,Northwest University-Center for Online and Extended Education,Kirkland,WA,3,21.0,,651.0,645.0,592.0,11970.0,11970.0,0.4133,0.7286,0.35,1,930.0,12675.33,3130.9,13118.0,4335.0,46300,17.0,43698.0,64619.0,0.22,5554.0,,46713.5,71872.75,0.3573,3858.0,7711.0,0.6667
5619,Abraham Lincoln University,Glendale,CA,3,12.0,,651.0,645.0,63.0,6440.0,6440.0,,,,1,1125.0,14498.5,3342.06,15336.0,4232.0,,7.0,,,,,,,,0.4603,783.0,6692.0,0.0
5649,Seattle Film Institute,Seattle,WA,3,11.0,,651.0,645.0,86.0,30240.0,30240.0,0.7143,0.8889,,1,740.0,13681.5,3241.75,15018.0,3744.0,,8.0,,,,5542.0,,24493,,0.5753,3473.0,18793.0,0.8235
5660,University of Saint Katherine,San Marcos,CA,3,21.0,0.7848,651.0,645.0,242.0,26700.0,26700.0,,0.6774,,1,1125.0,14498.5,3342.06,17253.0,4761.0,,14.0,,,,7106.0,,,,0.5738,3881.0,14842.0,0.7375
5664,University of the People,Pasadena,CA,3,12.0,,651.0,645.0,12446.0,1200.0,1200.0,0.2339,0.6638,0.0751,1,0.0,14498.5,3342.06,2001.0,400.0,,20.0,,,,,,,,0.0,144.0,584.0,0.6575
5685,Chamberlain University-California,Rancho Cordova,CA,3,13.0,0.4286,651.0,645.0,437.0,19982.0,19982.0,,1.0,,1,600.0,14498.5,3342.06,15216.0,7468.0,60400,14.0,81360.0,87181.0,0.1,7576.0,,46046,63402.27,0.7681,7756.0,26837.0,0.5
5693,Presbyterian Theological Seminary in America,Santa Fe Springs,CA,3,21.0,,651.0,645.0,41.0,8289.0,8289.0,1.0,0.5,0.5,1,1300.0,14498.5,3342.06,14264.0,5600.0,,3.0,,,,1468.0,,,,0.0,1440.0,4844.0,0.75
5696,America Evangelical University,Gardena,CA,3,13.0,,651.0,645.0,43.0,6200.0,6200.0,,1.0,,1,1200.0,14498.5,3342.06,14500.0,4500.0,,6.0,,,,1863.0,,,,0.0,4135.0,7002.0,0.6
5700,Los Angeles Academy of Figurative Art,Van Nuys,CA,3,11.0,,651.0,645.0,8.0,31618.0,31618.0,,,,1,1000.0,14498.5,3342.06,12000.0,2076.0,,2.0,,,,1367.0,,,,0.8,33824.0,23353.0,1.0
5701,Westcliff University,Irvine,CA,3,11.0,0.6513,651.0,645.0,1299.0,16593.0,16593.0,0.6712,0.6306,0.5342,1,600.0,14498.5,3342.06,17253.0,3843.0,,10.0,,,,6662.0,,,,0.1927,1565.0,7476.0,0.7055
5942,Oak Valley College,Rialto,CA,3,21.0,,651.0,645.0,50.0,16080.0,16080.0,,0.5,,1,600.0,14498.5,3342.06,11054.0,3310.0,,7.0,,,,2833.0,,,,0.0,1677.0,2855.0,0.6459
5974,Arizona College of Nursing-Tucson,Tucson,AZ,3,11.0,1.0,651.0,645.0,503.0,21946.0,21946.0,,0.7143,,1,,9933.75,4682.38,10339.0,8807.0,26400,20.0,30586.0,33457.0,0.06,7144.0,,17322.5,55688.05,0.9202,3039.0,15999.0,0.7143
5975,Arizona College of Nursing-Phoenix,Phoenix,AZ,3,11.0,0.9753,651.0,645.0,418.0,23066.0,23066.0,,0.7143,,1,,7800.0,5700.0,10339.0,8807.0,26400,20.0,30586.0,33457.0,0.06,7639.0,,17322.5,55688.05,0.9529,1014.0,8546.0,0.7143
5982,Pathways College,Pasadena,CA,3,12.0,,651.0,645.0,9.0,6336.0,6336.0,,,,1,1125.0,14498.5,3342.06,23004.0,6348.0,,2.0,,,,6631.0,,,,0.0,28357.0,393.0,1.0
6007,California Northstate University,Elk Grove,CA,3,21.0,0.9548,651.0,645.0,191.0,49793.0,49793.0,1.0,0.971,1.0,1,2700.0,14498.5,3342.06,26197.0,2400.0,,7.0,,,,10944.0,,,,0.0,19260.0,48965.0,0.971
6037,Great Northern University,Spokane,WA,3,12.0,1.0,651.0,645.0,25.0,15600.0,15600.0,,0.6667,,1,930.0,10725.0,3700.0,10725.0,3700.0,,2.0,,,,3405.0,,,,0.0,20734.0,11603.0,0.6667
6039,Arizona College of Nursing-Salt Lake City,Murray,UT,3,21.0,1.0,651.0,645.0,186.0,20826.0,20826.0,,,,1,,9144.4,4284.6,10339.0,8807.0,26400,20.0,30586.0,33457.0,0.06,7500.0,,17322.5,55688.05,1.0,1206.0,6378.0,
